development-plan,development-plan-status,notes,end-date,entry-date,start-date
7ab3c965-3d06-49c9-a4b5-4985f0c4b22f,submitted,,2014-10-09,2020-07-13,
7ab3c965-3d06-49c9-a4b5-4985f0c4b22f,published,,2014-04-25,2020-07-13,
7ab3c965-3d06-49c9-a4b5-4985f0c4b22f,sound,,2016-04-06,2020-07-13,
7ab3c965-3d06-49c9-a4b5-4985f0c4b22f,adopted,,2016-05-26,2020-07-13,
4221883b-e5f5-469f-95af-93eed23da83b,submitted,,2006-07-03,2020-07-13,
4221883b-e5f5-469f-95af-93eed23da83b,published,,2006-07-03,2020-07-13,
4221883b-e5f5-469f-95af-93eed23da83b,sound,,2008-02-12,2020-07-13,
4221883b-e5f5-469f-95af-93eed23da83b,adopted,,2008-04-16,2020-07-13,
3c3c274f-d3e5-4517-a075-8868aaa8af42,submitted,,2018-12-14,2020-07-13,
3c3c274f-d3e5-4517-a075-8868aaa8af42,published,,2018-09-18,2020-07-13,
3c3c274f-d3e5-4517-a075-8868aaa8af42,sound,,2019-12-20,2020-07-13,
3c3c274f-d3e5-4517-a075-8868aaa8af42,adopted,,2020-01-15,2020-07-13,
62a44b10-cdc6-4f7f-ba96-c60decf184ff,submitted,,2014-12-18,2020-07-13,
62a44b10-cdc6-4f7f-ba96-c60decf184ff,published,,2014-07-04,2020-07-13,
62a44b10-cdc6-4f7f-ba96-c60decf184ff,sound,,2015-11-23,2020-07-13,
62a44b10-cdc6-4f7f-ba96-c60decf184ff,adopted,,2016-01-20,2020-07-13,
23147f33-a203-4148-b639-53bfb88017be,submitted,,2012-10-31,2020-07-13,
23147f33-a203-4148-b639-53bfb88017be,published,,2012-04-25,2020-07-13,
23147f33-a203-4148-b639-53bfb88017be,sound,,2013-09-27,2020-07-13,
23147f33-a203-4148-b639-53bfb88017be,adopted,,2013-12-05,2020-07-13,
8b48f728-8835-4b44-8f1a-d41101baeda1,submitted,,2013-03-15,2020-07-13,
8b48f728-8835-4b44-8f1a-d41101baeda1,published,,2012-04-02,2020-07-13,
8b48f728-8835-4b44-8f1a-d41101baeda1,sound,,2014-03-21,2020-07-13,
8b48f728-8835-4b44-8f1a-d41101baeda1,adopted,,2014-04-28,2020-07-13,
602147fb-c091-4eee-b8a4-c19f09ca1509,submitted,,2014-03-12,2020-07-13,
602147fb-c091-4eee-b8a4-c19f09ca1509,published,,2013-09-30,2020-07-13,
602147fb-c091-4eee-b8a4-c19f09ca1509,sound,,2016-12-16,2020-07-13,
602147fb-c091-4eee-b8a4-c19f09ca1509,adopted,,2017-01-25,2020-07-13,
48647056-2c80-4d6f-a403-ace690639a61,submitted,,2011-08-16,2020-07-13,
48647056-2c80-4d6f-a403-ace690639a61,published,,2010-09-30,2020-07-13,
48647056-2c80-4d6f-a403-ace690639a61,sound,,2012-06-22,2020-07-13,
48647056-2c80-4d6f-a403-ace690639a61,adopted,,2012-09-11,2020-07-13,
a7e15312-9fd9-4ca0-9fff-56348e710f6b,submitted,,2011-02-07,2020-07-13,
a7e15312-9fd9-4ca0-9fff-56348e710f6b,published,,2010-09-02,2020-07-13,
a7e15312-9fd9-4ca0-9fff-56348e710f6b,sound,,2011-08-01,2020-07-13,
a7e15312-9fd9-4ca0-9fff-56348e710f6b,adopted,,2011-09-26,2020-07-13,
a1cfa4ac-822b-4727-a5fd-0c55909a15bb,submitted,,2016-06-24,2020-07-13,
a1cfa4ac-822b-4727-a5fd-0c55909a15bb,published,,2016-02-08,2020-07-13,
a1cfa4ac-822b-4727-a5fd-0c55909a15bb,sound,,2017-05-10,2020-07-13,
a1cfa4ac-822b-4727-a5fd-0c55909a15bb,adopted,,2017-07-03,2020-07-13,
09a82662-75f1-485d-af89-5f035cdd6126,submitted,,2018-03-02,2020-07-13,
09a82662-75f1-485d-af89-5f035cdd6126,published,,2017-11-02,2020-07-13,
ff7a8a59-3da4-4d24-a2ec-0a1b75d108bb,submitted,,2015-02-05,2020-07-13,
ff7a8a59-3da4-4d24-a2ec-0a1b75d108bb,published,,2014-03-17,2020-07-13,
ff7a8a59-3da4-4d24-a2ec-0a1b75d108bb,sound,,2016-09-23,2020-07-13,
ff7a8a59-3da4-4d24-a2ec-0a1b75d108bb,adopted,,2016-11-22,2020-07-13,
3fd7dd48-a240-42ed-b9ed-411731039393,submitted,,2014-11-21,2020-07-13,
3fd7dd48-a240-42ed-b9ed-411731039393,published,,2014-06-05,2020-07-13,
3fd7dd48-a240-42ed-b9ed-411731039393,sound,,2017-06-15,2020-07-13,
3fd7dd48-a240-42ed-b9ed-411731039393,adopted,,2017-07-13,2020-07-13,
74564582-cddd-45f4-b09c-35e08902cf91,submitted,,2019-01-11,2020-07-13,
74564582-cddd-45f4-b09c-35e08902cf91,published,,2018-08-10,2020-07-13,
5538be07-3fac-4f4c-89d4-376868e6fdc1,submitted,,2013-10-23,2020-07-13,
5538be07-3fac-4f4c-89d4-376868e6fdc1,published,,2013-05-03,2020-07-13,
5538be07-3fac-4f4c-89d4-376868e6fdc1,sound,,2014-07-01,2020-07-13,
5538be07-3fac-4f4c-89d4-376868e6fdc1,adopted,,2014-07-16,2020-07-13,
91ac26b7-d253-4569-9a70-92763649a92a,submitted,,2017-02-02,2020-07-13,
91ac26b7-d253-4569-9a70-92763649a92a,published,,2016-09-05,2020-07-13,
91ac26b7-d253-4569-9a70-92763649a92a,sound,,2018-01-16,2020-07-13,
91ac26b7-d253-4569-9a70-92763649a92a,adopted,,2018-02-27,2020-07-13,
a72eca2f-24ac-4362-b612-43ebcf7479de,submitted,,2013-02-04,2020-07-13,
a72eca2f-24ac-4362-b612-43ebcf7479de,published,,2012-08-10,2020-07-13,
a72eca2f-24ac-4362-b612-43ebcf7479de,sound,,2013-11-13,2020-07-13,
a72eca2f-24ac-4362-b612-43ebcf7479de,adopted,,2014-01-10,2020-07-13,
8f4eecb8-0d98-4af4-b5b5-0ffc9451a190,submitted,,2011-01-13,2020-07-13,
8f4eecb8-0d98-4af4-b5b5-0ffc9451a190,published,,2010-10-14,2020-07-13,
8f4eecb8-0d98-4af4-b5b5-0ffc9451a190,sound,,2011-10-06,2020-07-13,
8f4eecb8-0d98-4af4-b5b5-0ffc9451a190,adopted,,2011-11-15,2020-07-13,
e44f3ac6-d9bd-4f26-a318-3f187eea80d3,submitted,,2019-09-26,2020-07-13,
e44f3ac6-d9bd-4f26-a318-3f187eea80d3,published,,2019-06-07,2020-07-13,
d00b83a7-aabe-4bbd-866c-ef2cc11d59a3,submitted,,2009-06-12,2020-07-13,
d00b83a7-aabe-4bbd-866c-ef2cc11d59a3,published,,2008-11-03,2020-07-13,
d00b83a7-aabe-4bbd-866c-ef2cc11d59a3,sound,,2010-02-22,2020-07-13,
d00b83a7-aabe-4bbd-866c-ef2cc11d59a3,adopted,,2010-07-21,2020-07-13,
346b2235-bd4c-435b-88c7-0fbc40f011a2,submitted,,2007-11-19,2020-07-13,
346b2235-bd4c-435b-88c7-0fbc40f011a2,published,,2007-11-19,2020-07-13,
346b2235-bd4c-435b-88c7-0fbc40f011a2,sound,,2008-10-09,2020-07-13,
346b2235-bd4c-435b-88c7-0fbc40f011a2,adopted,,2008-12-11,2020-07-13,
35b33d09-b9ef-480a-bb4a-62eb6e43bf48,submitted,,2013-10-31,2020-07-13,
35b33d09-b9ef-480a-bb4a-62eb6e43bf48,published,,2013-08-05,2020-07-13,
35b33d09-b9ef-480a-bb4a-62eb6e43bf48,sound,,2014-05-08,2020-07-13,
35b33d09-b9ef-480a-bb4a-62eb6e43bf48,adopted,,2014-07-16,2020-07-13,
63778fb0-7e0d-4c36-b9a1-bac42546f982,submitted,,2017-10-09,2020-07-13,
63778fb0-7e0d-4c36-b9a1-bac42546f982,published,,2017-06-16,2020-07-13,
a8dbb275-ef77-4be6-a77a-6cbe28dc4e70,submitted,,2009-09-30,2020-07-13,
a8dbb275-ef77-4be6-a77a-6cbe28dc4e70,published,,2009-06-02,2020-07-13,
a8dbb275-ef77-4be6-a77a-6cbe28dc4e70,sound,,2010-04-16,2020-07-13,
a8dbb275-ef77-4be6-a77a-6cbe28dc4e70,adopted,,2010-07-12,2020-07-13,
3ab660ca-e4a2-4922-85da-155f8041c2c1,submitted,,2020-03-17,2020-07-13,
3ab660ca-e4a2-4922-85da-155f8041c2c1,published,,2019-10-24,2020-07-13,
796b09f8-af75-4dea-ba4b-0ace06381dd0,submitted,,2014-05-19,2020-07-13,
796b09f8-af75-4dea-ba4b-0ace06381dd0,published,,2014-03-14,2020-07-13,
796b09f8-af75-4dea-ba4b-0ace06381dd0,sound,,2017-06-20,2020-07-13,
796b09f8-af75-4dea-ba4b-0ace06381dd0,adopted,,2017-07-27,2020-07-13,
194c957b-2fd6-499d-b6d6-4f8344b4db32,submitted,,2012-12-31,2020-07-13,
194c957b-2fd6-499d-b6d6-4f8344b4db32,published,,2011-02-17,2020-07-13,
194c957b-2fd6-499d-b6d6-4f8344b4db32,sound,,2014-10-02,2020-07-13,
194c957b-2fd6-499d-b6d6-4f8344b4db32,adopted,,2014-12-15,2020-07-13,
99c678f1-b369-4846-a949-2b2b8538c4e3,submitted,,2011-01-17,2020-07-13,
99c678f1-b369-4846-a949-2b2b8538c4e3,published,,2010-05-10,2020-07-13,
99c678f1-b369-4846-a949-2b2b8538c4e3,sound,,2011-07-28,2020-07-13,
99c678f1-b369-4846-a949-2b2b8538c4e3,adopted,,2011-09-19,2020-07-13,
f4c4af01-5d24-4b7a-8c79-7d77f3ce2812,submitted,,2017-10-09,2020-07-13,
f4c4af01-5d24-4b7a-8c79-7d77f3ce2812,published,,2017-06-16,2020-07-13,
636d2ba4-c268-41a4-80eb-13fa2a9598fd,submitted,,2011-05-13,2020-07-13,
636d2ba4-c268-41a4-80eb-13fa2a9598fd,published,,2010-11-10,2020-07-13,
636d2ba4-c268-41a4-80eb-13fa2a9598fd,sound,,2011-10-25,2020-07-13,
636d2ba4-c268-41a4-80eb-13fa2a9598fd,adopted,,2012-02-22,2020-07-13,
2a72a06b-823f-4146-94a5-2c35446404b5,submitted,,2014-07-01,2020-07-13,
2a72a06b-823f-4146-94a5-2c35446404b5,published,,2014-01-06,2020-07-13,
2a72a06b-823f-4146-94a5-2c35446404b5,sound,,2016-03-11,2020-07-13,
2a72a06b-823f-4146-94a5-2c35446404b5,adopted,,2017-01-10,2020-07-13,
b6fe3079-37c0-48cb-affe-b5b077ab5d15,submitted,,2015-01-30,2020-07-13,
b6fe3079-37c0-48cb-affe-b5b077ab5d15,published,,2014-10-30,2020-07-13,
b6fe3079-37c0-48cb-affe-b5b077ab5d15,sound,,2018-07-04,2020-07-13,
b6fe3079-37c0-48cb-affe-b5b077ab5d15,adopted,,2018-07-18,2020-07-13,
20d50033-8d8a-4cff-88e3-40ba05e1e921,submitted,,2009-03-31,2020-07-13,
20d50033-8d8a-4cff-88e3-40ba05e1e921,published,,2009-01-05,2020-07-13,
20d50033-8d8a-4cff-88e3-40ba05e1e921,sound,,2009-10-13,2020-07-13,
20d50033-8d8a-4cff-88e3-40ba05e1e921,adopted,,2009-12-17,2020-07-13,
5b973444-94c8-4331-9cfb-af0fe6d4cf7f,submitted,,2017-11-30,2020-07-13,
5b973444-94c8-4331-9cfb-af0fe6d4cf7f,published,,2017-08-21,2020-07-13,
5b973444-94c8-4331-9cfb-af0fe6d4cf7f,sound,,2019-10-25,2020-07-13,
5b973444-94c8-4331-9cfb-af0fe6d4cf7f,adopted,,2019-11-28,2020-07-13,
034cf060-0268-4964-9fd0-6c10e3c3f405,submitted,,2014-11-26,2020-07-13,
034cf060-0268-4964-9fd0-6c10e3c3f405,published,,2014-09-01,2020-07-13,
034cf060-0268-4964-9fd0-6c10e3c3f405,sound,,2015-11-02,2020-07-13,
034cf060-0268-4964-9fd0-6c10e3c3f405,adopted,,2015-12-16,2020-07-13,
1f051964-74ab-49fa-809f-b24f8de9008b,published,,2020-01-20,2020-07-13,
8c82762b-9d1c-4ea8-b18f-e3411c4169a0,submitted,,2015-06-19,2020-07-13,
8c82762b-9d1c-4ea8-b18f-e3411c4169a0,published,,2015-03-04,2020-07-13,
8c82762b-9d1c-4ea8-b18f-e3411c4169a0,sound,,2016-07-25,2020-07-13,
8c82762b-9d1c-4ea8-b18f-e3411c4169a0,adopted,,2016-11-08,2020-07-13,
b21362a8-ed0d-4c6d-90da-ec9ded5cf4fd,submitted,,2012-06-22,2020-07-13,
b21362a8-ed0d-4c6d-90da-ec9ded5cf4fd,published,,2011-10-26,2020-07-13,
b21362a8-ed0d-4c6d-90da-ec9ded5cf4fd,sound,,2013-07-09,2020-07-13,
b21362a8-ed0d-4c6d-90da-ec9ded5cf4fd,adopted,,2013-09-25,2020-07-13,
61aa0eb6-1a59-4d58-8f38-667938d42198,submitted,,2012-06-08,2020-07-13,
61aa0eb6-1a59-4d58-8f38-667938d42198,published,,2012-01-19,2020-07-13,
61aa0eb6-1a59-4d58-8f38-667938d42198,sound,,2013-02-12,2020-07-13,
61aa0eb6-1a59-4d58-8f38-667938d42198,adopted,,2013-02-21,2020-07-13,
e2db8c69-df16-43be-9f7f-3c0006e50a11,submitted,,2018-08-31,2020-07-13,
e2db8c69-df16-43be-9f7f-3c0006e50a11,published,,2018-05-02,2020-07-13,
e2db8c69-df16-43be-9f7f-3c0006e50a11,sound,,2020-01-15,2020-07-13,
e2db8c69-df16-43be-9f7f-3c0006e50a11,adopted,,2020-03-04,2020-07-13,
d3e0e620-0896-4fb6-88a5-b852fd2130af,submitted,,2018-02-02,2020-07-13,
d3e0e620-0896-4fb6-88a5-b852fd2130af,published,,2017-12-08,2020-07-13,
d3e0e620-0896-4fb6-88a5-b852fd2130af,sound,,2019-03-20,2020-07-13,
d3e0e620-0896-4fb6-88a5-b852fd2130af,adopted,,2019-06-04,2020-07-13,
974ae5d1-c3bb-428c-8dc5-f830bc1663a7,submitted,,2013-05-31,2020-07-13,
974ae5d1-c3bb-428c-8dc5-f830bc1663a7,published,,2013-02-14,2020-07-13,
974ae5d1-c3bb-428c-8dc5-f830bc1663a7,sound,,2014-02-14,2020-07-13,
974ae5d1-c3bb-428c-8dc5-f830bc1663a7,adopted,,2014-06-11,2020-07-13,
09bbd8b4-75f5-48aa-954c-ac63018d376f,submitted,,2014-05-28,2020-07-13,
09bbd8b4-75f5-48aa-954c-ac63018d376f,published,,2013-11-08,2020-07-13,
09bbd8b4-75f5-48aa-954c-ac63018d376f,sound,,2015-05-18,2020-07-13,
09bbd8b4-75f5-48aa-954c-ac63018d376f,adopted,,2015-07-14,2020-07-13,
f18ffccb-ad43-4fb1-aabf-32be13d6bae8,submitted,,2009-02-19,2020-07-13,
f18ffccb-ad43-4fb1-aabf-32be13d6bae8,published,,2008-10-13,2020-07-13,
f18ffccb-ad43-4fb1-aabf-32be13d6bae8,sound,,2009-08-21,2020-07-13,
f18ffccb-ad43-4fb1-aabf-32be13d6bae8,adopted,,2009-11-19,2020-07-13,
1d4759cb-5018-43e5-9c6a-ca0372b083c6,submitted,,2018-04-30,2020-07-13,
1d4759cb-5018-43e5-9c6a-ca0372b083c6,published,,2018-01-11,2020-07-13,
2be3bc2f-67c2-4e1e-ab07-aa5df549bf8d,submitted,,2015-12-18,2020-07-13,
2be3bc2f-67c2-4e1e-ab07-aa5df549bf8d,published,,2015-08-26,2020-07-13,
2be3bc2f-67c2-4e1e-ab07-aa5df549bf8d,sound,,2016-12-05,2020-07-13,
2be3bc2f-67c2-4e1e-ab07-aa5df549bf8d,adopted,,2017-01-25,2020-07-13,
35227a41-4853-40a6-aa52-4b357ea222e5,submitted,,2013-12-20,2020-07-13,
35227a41-4853-40a6-aa52-4b357ea222e5,published,,2013-06-10,2020-07-13,
35227a41-4853-40a6-aa52-4b357ea222e5,sound,,2015-09-21,2020-07-13,
35227a41-4853-40a6-aa52-4b357ea222e5,adopted,,2015-11-09,2020-07-13,
03776d95-0e60-4c47-8d94-37cb160d2197,submitted,,2010-05-07,2020-07-13,
03776d95-0e60-4c47-8d94-37cb160d2197,published,,2010-01-18,2020-07-13,
03776d95-0e60-4c47-8d94-37cb160d2197,sound,,2010-12-17,2020-07-13,
03776d95-0e60-4c47-8d94-37cb160d2197,adopted,,2011-03-02,2020-07-13,
34e96a04-b95b-4812-8abd-72b1b2807189,submitted,,2010-03-15,2020-07-13,
34e96a04-b95b-4812-8abd-72b1b2807189,published,,2009-11-27,2020-07-13,
34e96a04-b95b-4812-8abd-72b1b2807189,sound,,2011-04-05,2020-07-13,
34e96a04-b95b-4812-8abd-72b1b2807189,adopted,,2011-06-21,2020-07-13,
fc42cabb-a43b-4985-85a7-6bf3b4b90f27,submitted,,2018-04-13,2020-07-13,
fc42cabb-a43b-4985-85a7-6bf3b4b90f27,published,,2017-11-22,2020-07-13,
8cecfc29-1e2c-442c-9525-6138c62b00d8,submitted,,2014-11-20,2020-07-13,
8cecfc29-1e2c-442c-9525-6138c62b00d8,published,,2014-06-30,2020-07-13,
8cecfc29-1e2c-442c-9525-6138c62b00d8,sound,,2017-10-26,2020-07-13,
8cecfc29-1e2c-442c-9525-6138c62b00d8,adopted,,2017-12-11,2020-07-13,
450e04d8-3727-494c-ae14-02bebd605939,submitted,,2006-11-10,2020-07-13,
450e04d8-3727-494c-ae14-02bebd605939,published,,2006-11-10,2020-07-13,
450e04d8-3727-494c-ae14-02bebd605939,sound,,2007-11-29,2020-07-13,
450e04d8-3727-494c-ae14-02bebd605939,adopted,,2008-02-07,2020-07-13,
2092c149-68e6-4107-a1ff-fb929fb4032e,submitted,,2017-07-07,2020-07-13,
2092c149-68e6-4107-a1ff-fb929fb4032e,published,,2016-06-27,2020-07-13,
2092c149-68e6-4107-a1ff-fb929fb4032e,sound,,2018-06-05,2020-07-13,
2092c149-68e6-4107-a1ff-fb929fb4032e,adopted,,2018-08-03,2020-07-13,
a9818144-8028-40ac-bfd5-46c57db30357,submitted,,2012-09-28,2020-07-13,
a9818144-8028-40ac-bfd5-46c57db30357,published,,2012-02-06,2020-07-13,
a9818144-8028-40ac-bfd5-46c57db30357,sound,,2013-06-19,2020-07-13,
a9818144-8028-40ac-bfd5-46c57db30357,adopted,,2013-07-24,2020-07-13,
e03a081f-3bd1-4c85-ba87-295a4914f8a0,submitted,,2019-06-28,2020-07-13,
e03a081f-3bd1-4c85-ba87-295a4914f8a0,published,,2019-01-14,2020-07-13,
e03a081f-3bd1-4c85-ba87-295a4914f8a0,sound,,2020-05-27,2020-07-13,
45d85ac7-9c13-4f28-aca3-aa0db2b6d7ab,submitted,,2011-01-31,2020-07-13,
45d85ac7-9c13-4f28-aca3-aa0db2b6d7ab,published,,2010-11-08,2020-07-13,
45d85ac7-9c13-4f28-aca3-aa0db2b6d7ab,sound,,2011-11-14,2020-07-13,
45d85ac7-9c13-4f28-aca3-aa0db2b6d7ab,adopted,,2011-12-22,2020-07-13,
11feb6a5-9c57-41b9-8a03-c30a3509231a,submitted,,2014-03-28,2020-07-13,
11feb6a5-9c57-41b9-8a03-c30a3509231a,published,,2013-07-19,2020-07-13,
11feb6a5-9c57-41b9-8a03-c30a3509231a,sound,,2018-08-29,2020-07-13,
11feb6a5-9c57-41b9-8a03-c30a3509231a,adopted,,2018-10-18,2020-07-13,
b49461a3-759c-4d01-92c1-aff99699e46c,submitted,,2012-11-07,2020-07-13,
b49461a3-759c-4d01-92c1-aff99699e46c,published,,2011-10-10,2020-07-13,
b49461a3-759c-4d01-92c1-aff99699e46c,sound,,2014-01-14,2020-07-13,
b49461a3-759c-4d01-92c1-aff99699e46c,adopted,,2014-02-25,2020-07-13,
b818aff3-bd8a-4243-8e7a-e4ac402182de,submitted,,2015-07-31,2020-07-13,
b818aff3-bd8a-4243-8e7a-e4ac402182de,published,,2015-01-26,2020-07-13,
b818aff3-bd8a-4243-8e7a-e4ac402182de,sound,,2016-06-22,2020-07-13,
b818aff3-bd8a-4243-8e7a-e4ac402182de,adopted,,2016-07-14,2020-07-13,
65ea6e15-82eb-4537-9345-b964f0e883e1,submitted,,2014-01-31,2020-07-13,
65ea6e15-82eb-4537-9345-b964f0e883e1,published,,2013-08-29,2020-07-13,
65ea6e15-82eb-4537-9345-b964f0e883e1,sound,,2015-06-09,2020-07-13,
65ea6e15-82eb-4537-9345-b964f0e883e1,adopted,,2015-07-20,2020-07-13,
6fcfc710-d741-422d-8a28-03dcd4263845,submitted,,2018-03-05,2020-07-13,
6fcfc710-d741-422d-8a28-03dcd4263845,published,,2017-07-17,2020-07-13,
9ff460cb-2bb8-48d2-80d4-359f6821b89b,submitted,,2016-12-22,2020-07-13,
9ff460cb-2bb8-48d2-80d4-359f6821b89b,published,,2016-06-24,2020-07-13,
9ff460cb-2bb8-48d2-80d4-359f6821b89b,sound,,2018-12-14,2020-07-13,
9ff460cb-2bb8-48d2-80d4-359f6821b89b,adopted,,2019-01-03,2020-07-13,
63334b68-029e-4d9b-a461-0b65b7c378a1,submitted,,2017-07-20,2020-07-13,
63334b68-029e-4d9b-a461-0b65b7c378a1,published,,2017-04-12,2020-07-13,
63334b68-029e-4d9b-a461-0b65b7c378a1,sound,,2018-07-09,2020-07-13,
63334b68-029e-4d9b-a461-0b65b7c378a1,adopted,,2018-07-31,2020-07-13,
1c40a6a9-a132-47a2-a580-0f80d473e61d,submitted,,2016-04-01,2020-07-13,
1c40a6a9-a132-47a2-a580-0f80d473e61d,published,,2016-01-18,2020-07-13,
1c40a6a9-a132-47a2-a580-0f80d473e61d,sound,,2017-10-13,2020-07-13,
1c40a6a9-a132-47a2-a580-0f80d473e61d,adopted,,2017-12-06,2020-07-13,
1ac65a2e-3457-4033-a5db-f06dc73a257e,submitted,,2013-06-07,2020-07-13,
1ac65a2e-3457-4033-a5db-f06dc73a257e,published,,2012-06-11,2020-07-13,
1ac65a2e-3457-4033-a5db-f06dc73a257e,sound,,2014-07-24,2020-07-13,
1ac65a2e-3457-4033-a5db-f06dc73a257e,adopted,,2014-09-17,2020-07-13,
140025a9-c5a2-49a2-8dea-baeb2b86a268,submitted,,2019-03-28,2020-07-13,
140025a9-c5a2-49a2-8dea-baeb2b86a268,published,,2018-11-01,2020-07-13,
fabfb03b-4e3d-4fd8-a874-88d1457874bd,submitted,,2018-03-27,2020-07-13,
fabfb03b-4e3d-4fd8-a874-88d1457874bd,published,,2018-01-02,2020-07-13,
fabfb03b-4e3d-4fd8-a874-88d1457874bd,sound,,2019-10-09,2020-07-13,
fabfb03b-4e3d-4fd8-a874-88d1457874bd,adopted,,2019-11-12,2020-07-13,
6ec9e814-2154-404d-bbc0-1dd04e3b95df,submitted,,2018-02-28,2020-07-13,
6ec9e814-2154-404d-bbc0-1dd04e3b95df,published,,2017-11-02,2020-07-13,
beccd40e-da67-45a7-bdfa-c11004e60d49,submitted,,2010-10-29,2020-07-13,
beccd40e-da67-45a7-bdfa-c11004e60d49,published,,2010-08-12,2020-07-13,
beccd40e-da67-45a7-bdfa-c11004e60d49,sound,,2011-04-13,2020-07-13,
beccd40e-da67-45a7-bdfa-c11004e60d49,adopted,,2011-05-06,2020-07-13,
6e6621ed-7095-4f3a-901c-8477bad6e802,submitted,,2010-04-13,2020-07-13,
6e6621ed-7095-4f3a-901c-8477bad6e802,published,,2009-11-09,2020-07-13,
6e6621ed-7095-4f3a-901c-8477bad6e802,sound,,2010-10-29,2020-07-13,
6e6621ed-7095-4f3a-901c-8477bad6e802,adopted,,2011-01-27,2020-07-13,
7dd9e611-a2f6-4904-9b54-ddf987d87945,submitted,,2018-03-20,2020-07-13,
7dd9e611-a2f6-4904-9b54-ddf987d87945,published,,2017-11-09,2020-07-13,
7dd9e611-a2f6-4904-9b54-ddf987d87945,sound,,2019-04-15,2020-07-13,
7dd9e611-a2f6-4904-9b54-ddf987d87945,adopted,,2019-05-17,2020-07-13,
208f8df8-5784-4ea4-8521-a2d58603b234,submitted,,2007-06-12,2020-07-13,
208f8df8-5784-4ea4-8521-a2d58603b234,published,,2007-06-12,2020-07-13,
208f8df8-5784-4ea4-8521-a2d58603b234,sound,,2008-02-29,2020-07-13,
208f8df8-5784-4ea4-8521-a2d58603b234,adopted,,2008-04-04,2020-07-13,
a37f5aa7-26df-4435-9f54-b4b15ff03b9d,published,,2019-09-16,2020-07-13,
9a6adacc-51d0-4d89-bc0c-cf717e549372,submitted,,2011-09-22,2020-07-13,
9a6adacc-51d0-4d89-bc0c-cf717e549372,published,,2010-11-29,2020-07-13,
9a6adacc-51d0-4d89-bc0c-cf717e549372,sound,,2012-10-12,2020-07-13,
9a6adacc-51d0-4d89-bc0c-cf717e549372,adopted,,2013-04-17,2020-07-13,
6d1bee1d-3c05-4aaf-8d7b-2dd014b03eab,submitted,,2020-03-05,2020-07-13,
6d1bee1d-3c05-4aaf-8d7b-2dd014b03eab,published,,2019-07-25,2020-07-13,
e9cdd4c9-4ab7-4764-90d0-193af9bb2c04,submitted,,2015-12-23,2020-07-13,
e9cdd4c9-4ab7-4764-90d0-193af9bb2c04,published,,2015-10-06,2020-07-13,
e9cdd4c9-4ab7-4764-90d0-193af9bb2c04,sound,,2018-08-30,2020-07-13,
e9cdd4c9-4ab7-4764-90d0-193af9bb2c04,adopted,,2018-10-11,2020-07-13,
193ef3e3-af8c-4dbc-94dd-a7dceb2d34a7,submitted,,2013-08-02,2020-07-13,
193ef3e3-af8c-4dbc-94dd-a7dceb2d34a7,published,,2012-11-16,2020-07-13,
193ef3e3-af8c-4dbc-94dd-a7dceb2d34a7,sound,,2016-01-15,2020-07-13,
193ef3e3-af8c-4dbc-94dd-a7dceb2d34a7,adopted,,2016-01-28,2020-07-13,
ba0cf7b4-31fb-4ac0-a2e0-eac7c34db0da,submitted,,2017-02-28,2020-07-13,
ba0cf7b4-31fb-4ac0-a2e0-eac7c34db0da,published,,2016-09-15,2020-07-13,
ba0cf7b4-31fb-4ac0-a2e0-eac7c34db0da,sound,,2017-12-19,2020-07-13,
ba0cf7b4-31fb-4ac0-a2e0-eac7c34db0da,adopted,,2018-02-28,2020-07-13,
17213289-e289-47bb-8638-bad7cb4d88bc,submitted,,2011-05-19,2020-07-13,
17213289-e289-47bb-8638-bad7cb4d88bc,published,,2010-08-16,2020-07-13,
17213289-e289-47bb-8638-bad7cb4d88bc,sound,,2011-12-14,2020-07-13,
17213289-e289-47bb-8638-bad7cb4d88bc,adopted,,2012-01-19,2020-07-13,
c8ab0e67-4891-4e0d-8b5e-cea7674c5351,submitted,,2016-12-20,2020-07-13,
c8ab0e67-4891-4e0d-8b5e-cea7674c5351,published,,2016-08-11,2020-07-13,
c8ab0e67-4891-4e0d-8b5e-cea7674c5351,sound,,2017-11-13,2020-07-13,
c8ab0e67-4891-4e0d-8b5e-cea7674c5351,adopted,,2017-12-07,2020-07-13,
c1fc7b53-ad45-44a2-ba9c-58874a6f602d,submitted,,2012-01-31,2020-07-13,
c1fc7b53-ad45-44a2-ba9c-58874a6f602d,published,,2011-09-16,2020-07-13,
c1fc7b53-ad45-44a2-ba9c-58874a6f602d,sound,,2012-11-21,2020-07-13,
c1fc7b53-ad45-44a2-ba9c-58874a6f602d,adopted,,2013-02-20,2020-07-13,
3a5b4662-b373-4237-ad84-8e1a7649cac9,submitted,,2009-01-30,2020-07-13,
3a5b4662-b373-4237-ad84-8e1a7649cac9,published,,2008-10-31,2020-07-13,
3a5b4662-b373-4237-ad84-8e1a7649cac9,sound,,2009-11-27,2020-07-13,
3a5b4662-b373-4237-ad84-8e1a7649cac9,adopted,,2009-12-15,2020-07-13,
ed84f6ef-44cd-406a-89b0-40ceb70149f8,submitted,,2012-01-31,2020-07-13,
ed84f6ef-44cd-406a-89b0-40ceb70149f8,published,,2011-07-27,2020-07-13,
ed84f6ef-44cd-406a-89b0-40ceb70149f8,sound,,2013-06-10,2020-07-13,
ed84f6ef-44cd-406a-89b0-40ceb70149f8,adopted,,2013-09-18,2020-07-13,
7f457d2c-057c-49ec-9361-30c296506671,submitted,,2020-03-10,2020-07-13,
7f457d2c-057c-49ec-9361-30c296506671,published,,2019-01-25,2020-07-13,
a1db663c-71f9-45fe-a8aa-e51f9d03907c,submitted,,2016-12-09,2020-07-13,
a1db663c-71f9-45fe-a8aa-e51f9d03907c,published,,2016-08-11,2020-07-13,
a1db663c-71f9-45fe-a8aa-e51f9d03907c,sound,,2018-09-19,2020-07-13,
a1db663c-71f9-45fe-a8aa-e51f9d03907c,adopted,,2018-10-22,2020-07-13,
5c88bf51-0629-436a-9900-f0b4eaa4381c,submitted,,2010-11-05,2020-07-13,
5c88bf51-0629-436a-9900-f0b4eaa4381c,published,,2010-01-13,2020-07-13,
5c88bf51-0629-436a-9900-f0b4eaa4381c,sound,,2011-05-23,2020-07-13,
5c88bf51-0629-436a-9900-f0b4eaa4381c,adopted,,2011-07-28,2020-07-13,
ca6713f0-530b-43df-9b3d-f291f227a9da,submitted,,2018-02-16,2020-07-13,
ca6713f0-530b-43df-9b3d-f291f227a9da,published,,2017-11-08,2020-07-13,
5dce72aa-fd22-4fd0-8147-32b014158462,submitted,,2013-08-29,2020-07-13,
5dce72aa-fd22-4fd0-8147-32b014158462,published,,2013-02-11,2020-07-13,
5dce72aa-fd22-4fd0-8147-32b014158462,sound,,2015-03-09,2020-07-13,
5dce72aa-fd22-4fd0-8147-32b014158462,adopted,,2015-04-21,2020-07-13,
fa2050ac-99a9-4b32-850c-ad9237675dfb,submitted,,2018-06-18,2020-07-13,
fa2050ac-99a9-4b32-850c-ad9237675dfb,published,,2018-02-09,2020-07-13,
fa2050ac-99a9-4b32-850c-ad9237675dfb,sound,,2020-02-10,2020-07-13,
fa2050ac-99a9-4b32-850c-ad9237675dfb,adopted,,2020-04-30,2020-07-13,
82cf9340-c857-43f2-a3d8-b15b81296f44,submitted,,2018-10-19,2020-07-13,
82cf9340-c857-43f2-a3d8-b15b81296f44,published,,2018-05-24,2020-07-13,
be96f84a-f4be-47b7-98aa-b28702fe0b15,submitted,,2014-11-27,2020-07-13,
be96f84a-f4be-47b7-98aa-b28702fe0b15,published,,2014-08-12,2020-07-13,
be96f84a-f4be-47b7-98aa-b28702fe0b15,sound,,2015-09-07,2020-07-13,
be96f84a-f4be-47b7-98aa-b28702fe0b15,adopted,,2015-10-01,2020-07-13,
660da294-c5e8-41b6-aab2-e3cd18935cfa,submitted,,2014-08-28,2020-07-13,
660da294-c5e8-41b6-aab2-e3cd18935cfa,published,,2014-04-23,2020-07-13,
660da294-c5e8-41b6-aab2-e3cd18935cfa,sound,,2016-03-24,2020-07-13,
660da294-c5e8-41b6-aab2-e3cd18935cfa,adopted,,2016-04-14,2020-07-13,
e5e55605-6881-471d-8f23-7222468ec3e0,submitted,,2017-04-24,2020-07-13,
e5e55605-6881-471d-8f23-7222468ec3e0,published,,2016-11-07,2020-07-13,
e5e55605-6881-471d-8f23-7222468ec3e0,sound,,2019-01-30,2020-07-13,
e5e55605-6881-471d-8f23-7222468ec3e0,adopted,,2019-02-27,2020-07-13,
3a6c1cb8-c3bc-4e48-a935-d89adda8f211,submitted,,2011-07-26,2020-07-13,
3a6c1cb8-c3bc-4e48-a935-d89adda8f211,published,,2011-03-21,2020-07-13,
3a6c1cb8-c3bc-4e48-a935-d89adda8f211,sound,,2011-12-21,2020-07-13,
3a6c1cb8-c3bc-4e48-a935-d89adda8f211,adopted,,2012-02-23,2020-07-13,
6f3b7d3c-a04c-46a6-9f98-c23bd794cf30,submitted,,2014-02-24,2020-07-13,
6f3b7d3c-a04c-46a6-9f98-c23bd794cf30,published,,2013-09-09,2020-07-13,
6f3b7d3c-a04c-46a6-9f98-c23bd794cf30,sound,,2015-02-24,2020-07-13,
6f3b7d3c-a04c-46a6-9f98-c23bd794cf30,adopted,,2015-03-26,2020-07-13,
b3e36757-e758-44fd-9ed9-70e29904c0f4,submitted,,2011-02-28,2020-07-13,
b3e36757-e758-44fd-9ed9-70e29904c0f4,published,,2010-07-29,2020-07-13,
b3e36757-e758-44fd-9ed9-70e29904c0f4,sound,,2011-11-22,2020-07-13,
b3e36757-e758-44fd-9ed9-70e29904c0f4,adopted,,2012-02-21,2020-07-13,
b2b398b5-9209-4fc2-afb2-da939e6dbc0b,submitted,,2018-09-21,2020-07-13,
b2b398b5-9209-4fc2-afb2-da939e6dbc0b,published,,2017-12-18,2020-07-13,
49ad7abb-9298-49e8-868a-c41a4848a258,submitted,,2012-11-30,2020-07-13,
49ad7abb-9298-49e8-868a-c41a4848a258,published,,2012-06-28,2020-07-13,
49ad7abb-9298-49e8-868a-c41a4848a258,sound,,2014-01-14,2020-07-13,
49ad7abb-9298-49e8-868a-c41a4848a258,adopted,,2014-03-06,2020-07-13,
502fdf73-dd61-4b7e-adbc-a6a311dccb5a,submitted,,2010-06-02,2020-07-13,
502fdf73-dd61-4b7e-adbc-a6a311dccb5a,published,,2010-03-31,2020-07-13,
502fdf73-dd61-4b7e-adbc-a6a311dccb5a,sound,,2010-12-29,2020-07-13,
502fdf73-dd61-4b7e-adbc-a6a311dccb5a,adopted,,2011-03-01,2020-07-13,
718f5f8d-1799-4783-92e0-e682f37be1ce,published,,2019-02-04,2020-07-13,
e8a54df5-6d14-49a9-94de-55217b23f821,submitted,,2018-10-31,2020-07-13,
e8a54df5-6d14-49a9-94de-55217b23f821,published,,2018-06-25,2020-07-13,
95690c16-7ad0-4b4d-9581-fc267e0f0537,submitted,,2010-02-26,2020-07-13,
95690c16-7ad0-4b4d-9581-fc267e0f0537,published,,2009-11-30,2020-07-13,
95690c16-7ad0-4b4d-9581-fc267e0f0537,sound,,2010-10-15,2020-07-13,
95690c16-7ad0-4b4d-9581-fc267e0f0537,adopted,,2011-02-03,2020-07-13,
982a65e7-36fa-451b-bfb0-08d6edd8751f,submitted,,2011-07-29,2020-07-13,
982a65e7-36fa-451b-bfb0-08d6edd8751f,published,,2011-03-21,2020-07-13,
982a65e7-36fa-451b-bfb0-08d6edd8751f,sound,,2012-03-26,2020-07-13,
982a65e7-36fa-451b-bfb0-08d6edd8751f,adopted,,2012-05-18,2020-07-13,
f0ae7dca-4f61-4a52-aeb9-9b155c37d5b9,submitted,,2020-03-04,2020-07-13,
f0ae7dca-4f61-4a52-aeb9-9b155c37d5b9,published,,2019-08-12,2020-07-13,
d06d0c20-25a1-4c64-a419-37ee6df26663,submitted,,2006-07-05,2020-07-13,
d06d0c20-25a1-4c64-a419-37ee6df26663,published,,2006-06-01,2020-07-13,
d06d0c20-25a1-4c64-a419-37ee6df26663,sound,,2007-05-16,2020-07-13,
d06d0c20-25a1-4c64-a419-37ee6df26663,adopted,,2007-07-24,2020-07-13,
a8cffe27-82e3-494d-ad90-550379c07894,submitted,,2014-04-11,2020-07-13,
a8cffe27-82e3-494d-ad90-550379c07894,published,,2013-10-18,2020-07-13,
a8cffe27-82e3-494d-ad90-550379c07894,sound,,2015-10-07,2020-07-13,
a8cffe27-82e3-494d-ad90-550379c07894,adopted,,2015-10-15,2020-07-13,
e2c62572-f35d-4efb-9d5b-f7c61cff9383,submitted,,2012-02-10,2020-07-13,
e2c62572-f35d-4efb-9d5b-f7c61cff9383,published,,2011-11-28,2020-07-13,
e2c62572-f35d-4efb-9d5b-f7c61cff9383,sound,,2012-12-05,2020-07-13,
e2c62572-f35d-4efb-9d5b-f7c61cff9383,adopted,,2013-01-16,2020-07-13,
d06d6c34-9bcc-4839-83c4-9334554d546b,submitted,,2006-02-15,2020-07-13,
d06d6c34-9bcc-4839-83c4-9334554d546b,published,,2006-02-15,2020-07-13,
d06d6c34-9bcc-4839-83c4-9334554d546b,sound,,2007-02-19,2020-07-13,
d06d6c34-9bcc-4839-83c4-9334554d546b,adopted,,2007-04-03,2020-07-13,
b3a6f957-a015-4ac6-8e92-c0aab6b423b2,published,,2019-07-30,2020-07-13,
f7ab3008-a04e-4536-b285-10566f24f705,submitted,,2014-08-08,2020-07-13,
f7ab3008-a04e-4536-b285-10566f24f705,published,,2014-05-16,2020-07-13,
f7ab3008-a04e-4536-b285-10566f24f705,sound,,2015-10-08,2020-07-13,
f7ab3008-a04e-4536-b285-10566f24f705,adopted,,2015-11-27,2020-07-13,
5d138aa0-fa2f-4767-9bbf-710a21e87ea0,submitted,,2014-09-23,2020-07-13,
5d138aa0-fa2f-4767-9bbf-710a21e87ea0,published,,2014-05-22,2020-07-13,
5d138aa0-fa2f-4767-9bbf-710a21e87ea0,sound,,2015-09-29,2020-07-13,
5d138aa0-fa2f-4767-9bbf-710a21e87ea0,adopted,,2015-10-16,2020-07-13,
94ec63f6-5081-4e42-a23e-433f80d6b918,submitted,,2010-03-31,2020-07-13,
94ec63f6-5081-4e42-a23e-433f80d6b918,published,,2010-01-11,2020-07-13,
94ec63f6-5081-4e42-a23e-433f80d6b918,sound,,2011-06-13,2020-07-13,
94ec63f6-5081-4e42-a23e-433f80d6b918,adopted,,2011-07-20,2020-07-13,
d9529aa8-ced5-44a8-b346-b8c71faa82da,submitted,,2014-04-28,2020-07-13,
d9529aa8-ced5-44a8-b346-b8c71faa82da,published,,2014-01-27,2020-07-13,
d9529aa8-ced5-44a8-b346-b8c71faa82da,sound,,2016-01-25,2020-07-13,
d9529aa8-ced5-44a8-b346-b8c71faa82da,adopted,,2016-04-06,2020-07-13,
2a7f1eb4-e1fb-4f69-a51b-8c64a480320f,submitted,,2012-05-25,2020-07-13,
2a7f1eb4-e1fb-4f69-a51b-8c64a480320f,published,,2012-02-03,2020-07-13,
2a7f1eb4-e1fb-4f69-a51b-8c64a480320f,sound,,2014-04-15,2020-07-13,
2a7f1eb4-e1fb-4f69-a51b-8c64a480320f,adopted,,2014-05-08,2020-07-13,
daf38f0d-dcf2-4d3c-abc6-7d71958088d5,submitted,,2017-03-31,2020-07-13,
daf38f0d-dcf2-4d3c-abc6-7d71958088d5,published,,2016-11-03,2020-07-13,
daf38f0d-dcf2-4d3c-abc6-7d71958088d5,sound,,2018-07-10,2020-07-13,
daf38f0d-dcf2-4d3c-abc6-7d71958088d5,adopted,,2018-10-23,2020-07-13,
3cf99a4f-97f0-445a-9283-6f7eb069134b,submitted,,2009-06-24,2020-07-13,
3cf99a4f-97f0-445a-9283-6f7eb069134b,published,,2009-01-29,2020-07-13,
3cf99a4f-97f0-445a-9283-6f7eb069134b,sound,,2010-01-21,2020-07-13,
3cf99a4f-97f0-445a-9283-6f7eb069134b,adopted,,2010-02-24,2020-07-13,
7d89e3cb-d5e6-4271-9cf9-532eb25c452c,submitted,,2013-09-04,2020-07-13,
7d89e3cb-d5e6-4271-9cf9-532eb25c452c,published,,2013-02-28,2020-07-13,
7d89e3cb-d5e6-4271-9cf9-532eb25c452c,sound,,2014-04-09,2020-07-13,
7d89e3cb-d5e6-4271-9cf9-532eb25c452c,adopted,,2014-05-08,2020-07-13,
aa7f9c07-780e-44de-a32b-1f9b1ff13e13,submitted,,2017-04-18,2020-07-13,
aa7f9c07-780e-44de-a32b-1f9b1ff13e13,published,,2016-11-30,2020-07-13,
aa7f9c07-780e-44de-a32b-1f9b1ff13e13,sound,,2018-05-03,2020-07-13,
aa7f9c07-780e-44de-a32b-1f9b1ff13e13,adopted,,2018-07-18,2020-07-13,
b160db07-8136-4698-b19b-ddf7db61ec9c,submitted,,2014-03-31,2020-07-13,
b160db07-8136-4698-b19b-ddf7db61ec9c,published,,2013-09-27,2020-07-13,
b160db07-8136-4698-b19b-ddf7db61ec9c,sound,,2015-11-30,2020-07-13,
b160db07-8136-4698-b19b-ddf7db61ec9c,adopted,,2015-12-21,2020-07-13,
44dcb65f-6e33-4393-a613-138d131f028a,submitted,,2017-12-14,2020-07-13,
44dcb65f-6e33-4393-a613-138d131f028a,published,,2016-06-06,2020-07-13,
44dcb65f-6e33-4393-a613-138d131f028a,sound,,2019-03-27,2020-07-13,
44dcb65f-6e33-4393-a613-138d131f028a,adopted,,2019-04-25,2020-07-13,
2d1a7516-39b2-45b6-9017-1eb06cef3a05,submitted,,2015-12-14,2020-07-13,
2d1a7516-39b2-45b6-9017-1eb06cef3a05,published,,2014-12-12,2020-07-13,
2d1a7516-39b2-45b6-9017-1eb06cef3a05,sound,,2017-01-17,2020-07-13,
2d1a7516-39b2-45b6-9017-1eb06cef3a05,adopted,,2017-02-22,2020-07-13,
891b5b6d-9701-415b-a1d1-ddea27a096fa,submitted,,2020-06-10,2020-07-13,
891b5b6d-9701-415b-a1d1-ddea27a096fa,published,,2020-01-15,2020-07-13,
ddf32c2e-07a1-459c-bac8-e198d0acf1fc,submitted,,2011-06-24,2020-07-13,
ddf32c2e-07a1-459c-bac8-e198d0acf1fc,published,,2011-04-14,2020-07-13,
ddf32c2e-07a1-459c-bac8-e198d0acf1fc,sound,,2011-12-14,2020-07-13,
ddf32c2e-07a1-459c-bac8-e198d0acf1fc,adopted,,2012-03-21,2020-07-13,
49b1a52a-614b-4ea3-a4a1-e2f421115fc8,submitted,,2013-07-19,2020-07-13,
49b1a52a-614b-4ea3-a4a1-e2f421115fc8,published,,2012-11-08,2020-07-13,
49b1a52a-614b-4ea3-a4a1-e2f421115fc8,sound,,2015-11-24,2020-07-13,
49b1a52a-614b-4ea3-a4a1-e2f421115fc8,adopted,,2016-01-06,2020-07-13,
62f52efd-2a09-4f42-b7ad-8e4d3edf028a,submitted,,2010-02-25,2020-07-13,
62f52efd-2a09-4f42-b7ad-8e4d3edf028a,published,,2009-06-30,2020-07-13,
62f52efd-2a09-4f42-b7ad-8e4d3edf028a,sound,,2010-09-27,2020-07-13,
62f52efd-2a09-4f42-b7ad-8e4d3edf028a,adopted,,2010-11-24,2020-07-13,
e564f51e-3ef2-4caf-a6fe-0941988a59ec,submitted,,2019-01-23,2020-07-13,
e564f51e-3ef2-4caf-a6fe-0941988a59ec,published,,2018-11-19,2020-07-13,
e564f51e-3ef2-4caf-a6fe-0941988a59ec,sound,,2020-06-10,2020-07-13,
b1f7862a-5ab5-43ec-851d-3810d6aaa0f8,submitted,,2016-05-24,2020-07-13,
b1f7862a-5ab5-43ec-851d-3810d6aaa0f8,published,,2016-01-08,2020-07-13,
b1f7862a-5ab5-43ec-851d-3810d6aaa0f8,sound,,2017-04-28,2020-07-13,
b1f7862a-5ab5-43ec-851d-3810d6aaa0f8,adopted,,2017-07-24,2020-07-13,
cc2ab3d9-4427-476e-b241-e79fcf7c37af,submitted,,2011-06-24,2020-07-13,
cc2ab3d9-4427-476e-b241-e79fcf7c37af,published,,2011-04-04,2020-07-13,
cc2ab3d9-4427-476e-b241-e79fcf7c37af,sound,,2011-12-13,2020-07-13,
cc2ab3d9-4427-476e-b241-e79fcf7c37af,adopted,,2012-02-16,2020-07-13,
15d670bb-4304-47d6-8791-1078623a5c28,submitted,,2006-11-24,2020-07-13,
15d670bb-4304-47d6-8791-1078623a5c28,published,,2006-11-24,2020-07-13,
15d670bb-4304-47d6-8791-1078623a5c28,sound,,2008-03-17,2020-07-13,
15d670bb-4304-47d6-8791-1078623a5c28,adopted,,2008-07-23,2020-07-13,
6f6a4419-9a2f-4b8b-9cb4-7669753b82d1,submitted,,2018-03-28,2020-07-13,
6f6a4419-9a2f-4b8b-9cb4-7669753b82d1,published,,2017-08-07,2020-07-13,
d299fb9a-a499-4518-8b24-595185cd55ea,submitted,,2011-10-31,2020-07-13,
d299fb9a-a499-4518-8b24-595185cd55ea,published,,2011-02-09,2020-07-13,
d299fb9a-a499-4518-8b24-595185cd55ea,sound,,2012-07-26,2020-07-13,
d299fb9a-a499-4518-8b24-595185cd55ea,adopted,,2012-11-08,2020-07-13,
c6eb3467-ba83-40a3-9d52-767e7f340c61,submitted,,2010-06-30,2020-07-13,
c6eb3467-ba83-40a3-9d52-767e7f340c61,published,,2009-10-26,2020-07-13,
c6eb3467-ba83-40a3-9d52-767e7f340c61,sound,,2011-01-20,2020-07-13,
c6eb3467-ba83-40a3-9d52-767e7f340c61,adopted,,2011-02-17,2020-07-13,
e33a9a80-ca91-4189-a41b-8fecb2b02abd,submitted,,2020-02-12,2020-07-13,
e33a9a80-ca91-4189-a41b-8fecb2b02abd,published,,2019-09-05,2020-07-13,
12c410f7-7d60-4e7e-b636-de6d45944548,submitted,,2017-05-05,2020-07-13,
12c410f7-7d60-4e7e-b636-de6d45944548,published,,2017-02-02,2020-07-13,
12c410f7-7d60-4e7e-b636-de6d45944548,sound,,2019-07-31,2020-07-13,
12c410f7-7d60-4e7e-b636-de6d45944548,adopted,,2019-09-11,2020-07-13,
55685acf-e02f-4be0-80ae-4e98d50c7fcf,submitted,,2011-05-26,2020-07-13,
55685acf-e02f-4be0-80ae-4e98d50c7fcf,published,,2011-01-31,2020-07-13,
55685acf-e02f-4be0-80ae-4e98d50c7fcf,sound,,2011-12-08,2020-07-13,
55685acf-e02f-4be0-80ae-4e98d50c7fcf,adopted,,2012-04-17,2020-07-13,
755f2847-3f10-4ae7-8e09-4a87e6e15602,submitted,,2009-08-28,2020-07-13,
755f2847-3f10-4ae7-8e09-4a87e6e15602,published,,2009-03-31,2020-07-13,
755f2847-3f10-4ae7-8e09-4a87e6e15602,sound,,2010-04-13,2020-07-13,
755f2847-3f10-4ae7-8e09-4a87e6e15602,adopted,,2010-05-12,2020-07-13,
6e207c51-d629-4ace-be0a-39dc0573c18c,submitted,,2017-03-23,2020-07-13,
6e207c51-d629-4ace-be0a-39dc0573c18c,published,,2017-01-10,2020-07-13,
6e207c51-d629-4ace-be0a-39dc0573c18c,sound,,2019-08-13,2020-07-13,
6e207c51-d629-4ace-be0a-39dc0573c18c,adopted,,2019-09-19,2020-07-13,
a6e0dc08-d86e-43b2-8b7b-5d59308e59a0,submitted,,2011-07-21,2020-07-13,
a6e0dc08-d86e-43b2-8b7b-5d59308e59a0,published,,2010-09-17,2020-07-13,
a6e0dc08-d86e-43b2-8b7b-5d59308e59a0,sound,,2012-02-06,2020-07-13,
a6e0dc08-d86e-43b2-8b7b-5d59308e59a0,adopted,,2012-04-03,2020-07-13,
39b6a87b-43e3-4483-b229-de8f207a9053,submitted,,2016-12-16,2020-07-13,
39b6a87b-43e3-4483-b229-de8f207a9053,published,,2016-06-20,2020-07-13,
39b6a87b-43e3-4483-b229-de8f207a9053,sound,,2017-10-04,2020-07-13,
39b6a87b-43e3-4483-b229-de8f207a9053,adopted,,2017-11-23,2020-07-13,
fa593a9c-6a8a-401b-b688-cb7aafdd3182,submitted,,2016-05-06,2020-07-13,
fa593a9c-6a8a-401b-b688-cb7aafdd3182,published,,2015-06-15,2020-07-13,
fa593a9c-6a8a-401b-b688-cb7aafdd3182,sound,,2017-06-15,2020-07-13,
fa593a9c-6a8a-401b-b688-cb7aafdd3182,adopted,,2017-07-04,2020-07-13,
7321ff7a-d9d2-4aec-8fa5-ebd96ecde1f8,submitted,,2012-07-12,2020-07-13,
7321ff7a-d9d2-4aec-8fa5-ebd96ecde1f8,published,,2011-08-19,2020-07-13,
7321ff7a-d9d2-4aec-8fa5-ebd96ecde1f8,sound,,2014-07-10,2020-07-13,
7321ff7a-d9d2-4aec-8fa5-ebd96ecde1f8,adopted,,2014-09-29,2020-07-13,
b42cefd8-2cc4-4141-932f-0ceb4b59b910,submitted,,2010-12-21,2020-07-13,
b42cefd8-2cc4-4141-932f-0ceb4b59b910,published,,2010-09-20,2020-07-13,
b42cefd8-2cc4-4141-932f-0ceb4b59b910,sound,,2011-10-10,2020-07-13,
b42cefd8-2cc4-4141-932f-0ceb4b59b910,adopted,,2011-11-08,2020-07-13,
e3787097-4490-41c4-8bb5-233cb51ac116,submitted,,2019-03-25,2020-07-13,
e3787097-4490-41c4-8bb5-233cb51ac116,published,,2018-08-23,2020-07-13,
0a64c812-d576-4efc-b5e9-229259d3b7a5,submitted,,2017-10-04,2020-07-13,
0a64c812-d576-4efc-b5e9-229259d3b7a5,published,,2016-11-08,2020-07-13,
0a64c812-d576-4efc-b5e9-229259d3b7a5,sound,,2018-09-14,2020-07-13,
0a64c812-d576-4efc-b5e9-229259d3b7a5,adopted,,2018-10-10,2020-07-13,
211efb01-2f53-482c-95b0-0f12ca199dae,submitted,,2016-04-22,2020-07-13,
211efb01-2f53-482c-95b0-0f12ca199dae,published,,2015-10-26,2020-07-13,
211efb01-2f53-482c-95b0-0f12ca199dae,sound,,2017-08-01,2020-07-13,
211efb01-2f53-482c-95b0-0f12ca199dae,adopted,,2017-11-07,2020-07-13,
0516a876-6782-4d0c-b31e-e865d85d4bf2,submitted,,2013-05-31,2020-07-13,
0516a876-6782-4d0c-b31e-e865d85d4bf2,published,,2013-01-25,2020-07-13,
0516a876-6782-4d0c-b31e-e865d85d4bf2,sound,,2016-08-22,2020-07-13,
0516a876-6782-4d0c-b31e-e865d85d4bf2,adopted,,2016-10-19,2020-07-13,
7a2071b3-b840-4224-9548-89f9c3d4ede1,submitted,,2007-06-18,2020-07-13,
7a2071b3-b840-4224-9548-89f9c3d4ede1,published,,2007-06-18,2020-07-13,
7a2071b3-b840-4224-9548-89f9c3d4ede1,sound,,2008-07-15,2020-07-13,
7a2071b3-b840-4224-9548-89f9c3d4ede1,adopted,,2008-09-24,2020-07-13,
947c00eb-7d3e-417a-9240-05057ac08a86,submitted,,2010-11-18,2020-07-13,
947c00eb-7d3e-417a-9240-05057ac08a86,published,,2010-08-09,2020-07-13,
947c00eb-7d3e-417a-9240-05057ac08a86,sound,,2011-06-07,2020-07-13,
947c00eb-7d3e-417a-9240-05057ac08a86,adopted,,2011-07-13,2020-07-13,
15403182-0a1c-4078-a043-413a644bc4a7,submitted,,2017-03-03,2020-07-13,
15403182-0a1c-4078-a043-413a644bc4a7,published,,2016-07-28,2020-07-13,
15403182-0a1c-4078-a043-413a644bc4a7,sound,,2018-01-24,2020-07-13,
15403182-0a1c-4078-a043-413a644bc4a7,adopted,,2018-03-15,2020-07-13,
f4e01c41-d817-4a06-a17e-436572c7c435,submitted,,2017-05-19,2020-07-13,
f4e01c41-d817-4a06-a17e-436572c7c435,published,,2017-01-04,2020-07-13,
f4e01c41-d817-4a06-a17e-436572c7c435,sound,,2018-04-26,2020-07-13,
f4e01c41-d817-4a06-a17e-436572c7c435,adopted,,2018-07-03,2020-07-13,
e960591a-c774-4e2d-af8c-162e06689991,submitted,,2012-03-22,2020-07-13,
e960591a-c774-4e2d-af8c-162e06689991,published,,2012-01-11,2020-07-13,
e960591a-c774-4e2d-af8c-162e06689991,sound,,2012-09-27,2020-07-13,
e960591a-c774-4e2d-af8c-162e06689991,adopted,,2012-12-20,2020-07-13,
864b5265-0f48-42d0-ac2e-e987fe5073f8,submitted,,2014-03-21,2020-07-13,
864b5265-0f48-42d0-ac2e-e987fe5073f8,published,,2013-11-04,2020-07-13,
864b5265-0f48-42d0-ac2e-e987fe5073f8,sound,,2014-10-31,2020-07-13,
864b5265-0f48-42d0-ac2e-e987fe5073f8,adopted,,2014-11-26,2020-07-13,
dae4fee0-67da-4a86-9866-21747547ea10,published,,2018-11-09,2020-07-13,
12667eb0-cc73-47bb-8ff0-69487a91411e,submitted,,2018-03-26,2020-07-13,
12667eb0-cc73-47bb-8ff0-69487a91411e,published,,2018-01-08,2020-07-13,
12667eb0-cc73-47bb-8ff0-69487a91411e,sound,,2019-04-16,2020-07-13,
12667eb0-cc73-47bb-8ff0-69487a91411e,adopted,,2019-07-24,2020-07-13,
876e1503-2382-454f-88cd-876e91fff245,submitted,,2007-01-26,2020-07-13,
876e1503-2382-454f-88cd-876e91fff245,published,,2007-01-26,2020-07-13,
876e1503-2382-454f-88cd-876e91fff245,sound,,2007-12-14,2020-07-13,
876e1503-2382-454f-88cd-876e91fff245,adopted,,2008-01-31,2020-07-13,
eb59f334-6abc-4303-99a2-20864f8a83c3,submitted,,2018-03-29,2020-07-13,
eb59f334-6abc-4303-99a2-20864f8a83c3,published,,2017-11-30,2020-07-13,
eb59f334-6abc-4303-99a2-20864f8a83c3,sound,,2019-09-24,2020-07-13,
eb59f334-6abc-4303-99a2-20864f8a83c3,adopted,,2019-11-04,2020-07-13,
7a53a5cc-8931-4548-94cc-8fd20b44a4dd,submitted,,2012-09-28,2020-07-13,
7a53a5cc-8931-4548-94cc-8fd20b44a4dd,published,,2012-05-03,2020-07-13,
7a53a5cc-8931-4548-94cc-8fd20b44a4dd,sound,,2014-11-25,2020-07-13,
7a53a5cc-8931-4548-94cc-8fd20b44a4dd,adopted,,2014-12-16,2020-07-13,
54ee799a-3874-4a32-82ee-c5632b7c4b69,submitted,,2008-12-22,2020-07-13,
54ee799a-3874-4a32-82ee-c5632b7c4b69,published,,2008-08-29,2020-07-13,
54ee799a-3874-4a32-82ee-c5632b7c4b69,sound,,2009-06-23,2020-07-13,
54ee799a-3874-4a32-82ee-c5632b7c4b69,adopted,,2009-10-01,2020-07-13,
81c562eb-d68f-406e-b15e-8b6a3f61f4d0,submitted,,2018-05-18,2020-07-13,
81c562eb-d68f-406e-b15e-8b6a3f61f4d0,published,,2018-01-26,2020-07-13,
a1fd6006-2964-43ed-8cf4-6191f59bb5b8,submitted,,2013-12-09,2020-07-13,
a1fd6006-2964-43ed-8cf4-6191f59bb5b8,published,,2012-11-29,2020-07-13,
a1fd6006-2964-43ed-8cf4-6191f59bb5b8,sound,,2014-10-02,2020-07-13,
a1fd6006-2964-43ed-8cf4-6191f59bb5b8,adopted,,2014-12-15,2020-07-13,
f95887c6-88cb-4a54-9da5-7acef0ae60df,submitted,,2010-01-14,2020-07-13,
f95887c6-88cb-4a54-9da5-7acef0ae60df,published,,2009-09-21,2020-07-13,
f95887c6-88cb-4a54-9da5-7acef0ae60df,sound,,2011-10-27,2020-07-13,
f95887c6-88cb-4a54-9da5-7acef0ae60df,adopted,,2011-12-13,2020-07-13,
0079694f-85e8-4ba5-a0d9-7dfd870a6643,submitted,,2017-06-06,2020-07-13,
0079694f-85e8-4ba5-a0d9-7dfd870a6643,published,,2017-01-30,2020-07-13,
0079694f-85e8-4ba5-a0d9-7dfd870a6643,sound,,2019-04-09,2020-07-13,
0079694f-85e8-4ba5-a0d9-7dfd870a6643,adopted,,2019-06-11,2020-07-13,
c2992718-cac6-4bff-9fb1-8b8a5cdbef95,submitted,,2012-01-25,2020-07-13,
c2992718-cac6-4bff-9fb1-8b8a5cdbef95,published,,2010-11-01,2020-07-13,
c2992718-cac6-4bff-9fb1-8b8a5cdbef95,sound,,2012-10-31,2020-07-13,
c2992718-cac6-4bff-9fb1-8b8a5cdbef95,adopted,,2012-11-13,2020-07-13,
c6778cf4-8637-4b34-a625-aeb5374270bd,submitted,,2019-01-28,2020-07-13,
c6778cf4-8637-4b34-a625-aeb5374270bd,published,,2018-10-22,2020-07-13,
7c4e3e98-d750-446f-aaed-8ba26f1e2558,submitted,,2016-08-17,2020-07-13,
7c4e3e98-d750-446f-aaed-8ba26f1e2558,published,,2015-06-12,2020-07-13,
7c4e3e98-d750-446f-aaed-8ba26f1e2558,sound,,2018-03-12,2020-07-13,
7c4e3e98-d750-446f-aaed-8ba26f1e2558,adopted,,2018-03-28,2020-07-13,
43a07557-8479-4374-b7b5-50099a966ce5,submitted,,2011-03-31,2020-07-13,
43a07557-8479-4374-b7b5-50099a966ce5,published,,2010-12-08,2020-07-13,
43a07557-8479-4374-b7b5-50099a966ce5,sound,,2012-06-07,2020-07-13,
43a07557-8479-4374-b7b5-50099a966ce5,adopted,,2012-07-18,2020-07-13,
61bd5d04-0ba0-4210-b305-495fe8ad8bc7,submitted,,2010-08-25,2020-07-13,
61bd5d04-0ba0-4210-b305-495fe8ad8bc7,published,,2010-05-21,2020-07-13,
61bd5d04-0ba0-4210-b305-495fe8ad8bc7,sound,,2011-05-17,2020-07-13,
61bd5d04-0ba0-4210-b305-495fe8ad8bc7,adopted,,2011-06-28,2020-07-13,
71b4f889-b9f7-4a2b-9720-18a3aae13237,submitted,,2007-05-04,2020-07-13,
71b4f889-b9f7-4a2b-9720-18a3aae13237,published,,2007-05-04,2020-07-13,
71b4f889-b9f7-4a2b-9720-18a3aae13237,sound,,2008-06-10,2020-07-13,
71b4f889-b9f7-4a2b-9720-18a3aae13237,adopted,,2008-07-23,2020-07-13,
72209839-2460-4c35-9d63-79e389f0062c,submitted,,2018-05-15,2020-07-13,
72209839-2460-4c35-9d63-79e389f0062c,published,,2018-02-09,2020-07-13,
72209839-2460-4c35-9d63-79e389f0062c,sound,,2020-06-12,2020-07-13,
bfad269b-2eb1-4d33-ac9c-8f1fc83a35f7,submitted,,2016-06-10,2020-07-13,
bfad269b-2eb1-4d33-ac9c-8f1fc83a35f7,published,,2014-06-26,2020-07-13,
bfad269b-2eb1-4d33-ac9c-8f1fc83a35f7,sound,,2018-09-11,2020-07-13,
bfad269b-2eb1-4d33-ac9c-8f1fc83a35f7,adopted,,2018-10-29,2020-07-13,
97695714-434d-48b5-8621-6504aec6849c,submitted,,2016-05-20,2020-07-13,
97695714-434d-48b5-8621-6504aec6849c,published,,2016-02-05,2020-07-13,
97695714-434d-48b5-8621-6504aec6849c,sound,,2017-07-27,2020-07-13,
97695714-434d-48b5-8621-6504aec6849c,adopted,,2017-10-25,2020-07-13,
cce851d7-7c70-41e5-87f4-767f9fc85bbe,submitted,,2018-02-28,2020-07-13,
cce851d7-7c70-41e5-87f4-767f9fc85bbe,published,,2017-11-28,2020-07-13,
cce851d7-7c70-41e5-87f4-767f9fc85bbe,sound,,2018-11-26,2020-07-13,
cce851d7-7c70-41e5-87f4-767f9fc85bbe,adopted,,2018-12-10,2020-07-13,
7126a8e1-f2cc-4e04-9a8f-784acc04e6b0,submitted,,2016-10-04,2020-07-13,
7126a8e1-f2cc-4e04-9a8f-784acc04e6b0,published,,2016-07-04,2020-07-13,
7126a8e1-f2cc-4e04-9a8f-784acc04e6b0,sound,,2017-10-12,2020-07-13,
7126a8e1-f2cc-4e04-9a8f-784acc04e6b0,adopted,,2017-11-21,2020-07-13,
22f9f356-6c82-4256-a696-f6bc9a554df3,submitted,,2017-06-09,2020-07-13,
22f9f356-6c82-4256-a696-f6bc9a554df3,published,,2016-10-19,2020-07-13,
ac0c21f8-0035-4190-ac6d-31803fc784f4,submitted,,2017-07-31,2020-07-13,
ac0c21f8-0035-4190-ac6d-31803fc784f4,published,,2017-03-15,2020-07-13,
ac0c21f8-0035-4190-ac6d-31803fc784f4,sound,,2019-03-18,2020-07-13,
ac0c21f8-0035-4190-ac6d-31803fc784f4,adopted,,2019-03-26,2020-07-13,
07c8f922-782d-4cb8-9134-56b28df58f2f,submitted,,2016-12-21,2020-07-13,
07c8f922-782d-4cb8-9134-56b28df58f2f,published,,2016-02-29,2020-07-13,
07c8f922-782d-4cb8-9134-56b28df58f2f,sound,,2018-02-07,2020-07-13,
07c8f922-782d-4cb8-9134-56b28df58f2f,adopted,,2018-03-22,2020-07-13,
1d9933b6-9107-439d-8566-d847fe7b3757,submitted,,2017-11-24,2020-07-13,
1d9933b6-9107-439d-8566-d847fe7b3757,published,,2017-07-31,2020-07-13,
1d9933b6-9107-439d-8566-d847fe7b3757,sound,,2018-10-24,2020-07-13,
1d9933b6-9107-439d-8566-d847fe7b3757,adopted,,2018-11-13,2020-07-13,
86b612dd-a8bd-405b-aa8e-cb39448005c2,submitted,,2013-02-25,2020-07-13,
86b612dd-a8bd-405b-aa8e-cb39448005c2,published,,2012-08-03,2020-07-13,
86b612dd-a8bd-405b-aa8e-cb39448005c2,sound,,2014-10-20,2020-07-13,
86b612dd-a8bd-405b-aa8e-cb39448005c2,adopted,,2014-12-09,2020-07-13,
6bcaab31-cd8c-47a3-9047-7f4cd728b35f,submitted,,2013-03-22,2020-07-13,
6bcaab31-cd8c-47a3-9047-7f4cd728b35f,published,,2012-07-30,2020-07-13,
6bcaab31-cd8c-47a3-9047-7f4cd728b35f,sound,,2015-01-16,2020-07-13,
6bcaab31-cd8c-47a3-9047-7f4cd728b35f,adopted,,2015-02-17,2020-07-13,
ec7b71e5-da20-46c8-a9dd-6b2ef591d5bd,submitted,,2017-09-29,2020-07-13,
ec7b71e5-da20-46c8-a9dd-6b2ef591d5bd,published,,2017-07-17,2020-07-13,
ec7b71e5-da20-46c8-a9dd-6b2ef591d5bd,sound,,2019-02-25,2020-07-13,
ec7b71e5-da20-46c8-a9dd-6b2ef591d5bd,adopted,,2019-03-07,2020-07-13,
04ab2fba-19b9-4013-8285-ed0e316d50d0,submitted,,2014-12-05,2020-07-13,
04ab2fba-19b9-4013-8285-ed0e316d50d0,published,,2013-11-29,2020-07-13,
04ab2fba-19b9-4013-8285-ed0e316d50d0,sound,,2015-12-17,2020-07-13,
04ab2fba-19b9-4013-8285-ed0e316d50d0,adopted,,2016-01-15,2020-07-13,
5f25d9c6-6334-4507-8b61-01a9ba6f8d40,submitted,,2018-12-21,2020-07-13,
5f25d9c6-6334-4507-8b61-01a9ba6f8d40,published,,2018-09-20,2020-07-13,
5f25d9c6-6334-4507-8b61-01a9ba6f8d40,sound,,2020-03-31,2020-07-13,
74b773dc-a0f4-4613-8316-af10f6e461bf,submitted,,2011-02-28,2020-07-13,
74b773dc-a0f4-4613-8316-af10f6e461bf,published,,2010-10-14,2020-07-13,
74b773dc-a0f4-4613-8316-af10f6e461bf,sound,,2011-08-30,2020-07-13,
74b773dc-a0f4-4613-8316-af10f6e461bf,adopted,,2011-11-09,2020-07-13,
dde7dcc5-e3c2-433e-a9bc-145fa63863bf,submitted,,2014-11-21,2020-07-13,
dde7dcc5-e3c2-433e-a9bc-145fa63863bf,published,,2014-08-18,2020-07-13,
dde7dcc5-e3c2-433e-a9bc-145fa63863bf,sound,,2015-07-09,2020-07-13,
dde7dcc5-e3c2-433e-a9bc-145fa63863bf,adopted,,2015-07-21,2020-07-13,
4c19e2f5-5e6e-4b18-afb6-056c7263e7f8,submitted,,2019-03-08,2020-07-13,
4c19e2f5-5e6e-4b18-afb6-056c7263e7f8,published,,2018-11-05,2020-07-13,
4c19e2f5-5e6e-4b18-afb6-056c7263e7f8,sound,,2020-04-25,2020-07-13,
51ddab07-f679-41d6-a419-32f7bd25f277,submitted,,2012-05-21,2020-07-13,
51ddab07-f679-41d6-a419-32f7bd25f277,published,,2012-03-02,2020-07-13,
51ddab07-f679-41d6-a419-32f7bd25f277,sound,,2014-01-31,2020-07-13,
51ddab07-f679-41d6-a419-32f7bd25f277,adopted,,2014-07-03,2020-07-13,
022aa306-998a-46f1-9fab-302f0bf8cdec,submitted,,2013-11-26,2020-07-13,
022aa306-998a-46f1-9fab-302f0bf8cdec,published,,2012-09-01,2020-07-13,
022aa306-998a-46f1-9fab-302f0bf8cdec,sound,,2014-03-26,2020-07-13,
022aa306-998a-46f1-9fab-302f0bf8cdec,adopted,,2014-06-19,2020-07-13,
07c4c137-0337-42cd-ad8f-10a773954b6d,submitted,,2018-10-04,2020-07-13,
07c4c137-0337-42cd-ad8f-10a773954b6d,published,,2018-06-14,2020-07-13,
d2a08f60-f8a2-470b-b214-d189416d1b66,submitted,,2019-05-29,2020-07-13,
d2a08f60-f8a2-470b-b214-d189416d1b66,published,,2019-01-30,2020-07-13,
df5e4626-c8f9-458c-9b75-c6aaf19841f7,submitted,,2018-01-29,2020-07-13,
df5e4626-c8f9-458c-9b75-c6aaf19841f7,published,,2017-11-06,2020-07-13,
df5e4626-c8f9-458c-9b75-c6aaf19841f7,sound,,2019-03-25,2020-07-13,
df5e4626-c8f9-458c-9b75-c6aaf19841f7,adopted,,2019-04-16,2020-07-13,
99cb8ce2-eafb-4b1a-ac95-3aef85ceb28e,submitted,,2014-04-25,2020-07-13,
99cb8ce2-eafb-4b1a-ac95-3aef85ceb28e,published,,2014-01-22,2020-07-13,
99cb8ce2-eafb-4b1a-ac95-3aef85ceb28e,sound,,2017-07-21,2020-07-13,
99cb8ce2-eafb-4b1a-ac95-3aef85ceb28e,adopted,,2017-07-21,2020-07-13,
bd7f2dda-27ce-4b5e-9bda-dcfd2a63d8e3,submitted,,2006-08-22,2020-07-13,
bd7f2dda-27ce-4b5e-9bda-dcfd2a63d8e3,published,,2006-08-22,2020-07-13,
bd7f2dda-27ce-4b5e-9bda-dcfd2a63d8e3,sound,,2007-05-01,2020-07-13,
bd7f2dda-27ce-4b5e-9bda-dcfd2a63d8e3,adopted,,2007-07-11,2020-07-13,
e21c636d-aee8-43e1-abb6-5b094b158ba7,submitted,,2017-03-31,2020-07-13,
e21c636d-aee8-43e1-abb6-5b094b158ba7,published,,2015-02-09,2020-07-13,
e21c636d-aee8-43e1-abb6-5b094b158ba7,sound,,2020-06-27,2020-07-13,
58b14fc2-abb1-49dc-9052-d2833a799438,submitted,,2011-07-18,2020-07-13,
58b14fc2-abb1-49dc-9052-d2833a799438,published,,2011-02-10,2020-07-13,
58b14fc2-abb1-49dc-9052-d2833a799438,sound,,2012-03-26,2020-07-13,
58b14fc2-abb1-49dc-9052-d2833a799438,adopted,,2012-07-11,2020-07-13,
13ed529a-72eb-484c-a96b-dc2d46d9913e,submitted,,2016-06-30,2020-07-13,
13ed529a-72eb-484c-a96b-dc2d46d9913e,published,,2016-04-15,2020-07-13,
13ed529a-72eb-484c-a96b-dc2d46d9913e,sound,,2017-04-10,2020-07-13,
13ed529a-72eb-484c-a96b-dc2d46d9913e,adopted,,2017-04-24,2020-07-13,
76b9910c-53ea-45c8-ac22-5a35ea0e12f8,submitted,,2008-11-21,2020-07-13,
76b9910c-53ea-45c8-ac22-5a35ea0e12f8,published,,2008-09-05,2020-07-13,
76b9910c-53ea-45c8-ac22-5a35ea0e12f8,sound,,2010-12-21,2020-07-13,
76b9910c-53ea-45c8-ac22-5a35ea0e12f8,adopted,,2011-03-14,2020-07-13,
211c51b8-45eb-422a-b364-46acfed71b84,submitted,,2019-03-22,2020-07-13,
211c51b8-45eb-422a-b364-46acfed71b84,published,,2018-11-01,2020-07-13,
211c51b8-45eb-422a-b364-46acfed71b84,sound,,2020-05-15,2020-07-13,
211c51b8-45eb-422a-b364-46acfed71b84,adopted,,2020-06-08,2020-07-13,
f5eeca0a-377f-4b4a-8628-38ccf2a56fe5,submitted,,2014-03-28,2020-07-13,
f5eeca0a-377f-4b4a-8628-38ccf2a56fe5,published,,2013-11-01,2020-07-13,
f5eeca0a-377f-4b4a-8628-38ccf2a56fe5,sound,,2015-08-11,2020-07-13,
f5eeca0a-377f-4b4a-8628-38ccf2a56fe5,adopted,,2015-09-23,2020-07-13,
695bb2ed-e6c1-401d-a735-dc4ea2b88a70,submitted,,2020-05-22,2020-07-13,
695bb2ed-e6c1-401d-a735-dc4ea2b88a70,published,,2020-01-31,2020-07-13,
16949b4c-333a-4885-97cc-3f7bc3161514,submitted,,2009-02-27,2020-07-13,
16949b4c-333a-4885-97cc-3f7bc3161514,published,,2008-11-07,2020-07-13,
16949b4c-333a-4885-97cc-3f7bc3161514,sound,,2009-09-10,2020-07-13,
16949b4c-333a-4885-97cc-3f7bc3161514,adopted,,2009-10-26,2020-07-13,
f6868aaf-a9af-4447-baa0-dd735becbf48,submitted,,2018-11-01,2020-07-13,
f6868aaf-a9af-4447-baa0-dd735becbf48,published,,2018-06-29,2020-07-13,
f6868aaf-a9af-4447-baa0-dd735becbf48,sound,,2020-03-25,2020-07-13,
269fe47a-004f-4a5e-8ac6-bb37482c33f2,submitted,,2018-05-24,2020-07-13,
269fe47a-004f-4a5e-8ac6-bb37482c33f2,published,,2018-02-21,2020-07-13,
18a7a012-9dd1-4f9c-ae0b-7f6537e4790f,submitted,,2018-03-29,2020-07-13,
18a7a012-9dd1-4f9c-ae0b-7f6537e4790f,published,,2017-11-08,2020-07-13,
18a7a012-9dd1-4f9c-ae0b-7f6537e4790f,sound,,2019-02-12,2020-07-13,
18a7a012-9dd1-4f9c-ae0b-7f6537e4790f,adopted,,2019-03-20,2020-07-13,
2ed5ae6b-8b7a-4a54-8d9f-89af587810fd,submitted,,2010-12-17,2020-07-13,
2ed5ae6b-8b7a-4a54-8d9f-89af587810fd,published,,2010-09-15,2020-07-13,
2ed5ae6b-8b7a-4a54-8d9f-89af587810fd,sound,,2011-07-15,2020-07-13,
2ed5ae6b-8b7a-4a54-8d9f-89af587810fd,adopted,,2011-10-07,2020-07-13,
b1dc0df6-bbe8-4f4e-889c-1046e3b7d114,submitted,,2010-01-14,2020-07-13,
b1dc0df6-bbe8-4f4e-889c-1046e3b7d114,published,,2009-09-21,2020-07-13,
b1dc0df6-bbe8-4f4e-889c-1046e3b7d114,sound,,2010-09-16,2020-07-13,
b1dc0df6-bbe8-4f4e-889c-1046e3b7d114,adopted,,2010-10-20,2020-07-13,
fb4d0cb4-4018-47cb-8afa-c8b261516f24,submitted,,2019-08-01,2020-07-13,
fb4d0cb4-4018-47cb-8afa-c8b261516f24,published,,2019-04-08,2020-07-13,
9a026ec2-d842-4206-8366-5f2255ce11a6,submitted,,2018-05-14,2020-07-13,
9a026ec2-d842-4206-8366-5f2255ce11a6,published,,2018-01-17,2020-07-13,
9a026ec2-d842-4206-8366-5f2255ce11a6,sound,,2019-07-24,2020-07-13,
9a026ec2-d842-4206-8366-5f2255ce11a6,adopted,,2019-08-29,2020-07-13,
ec74225d-d0a7-49c3-bf6b-889beb430bef,submitted,,2008-01-11,2020-07-13,
ec74225d-d0a7-49c3-bf6b-889beb430bef,published,,2008-01-11,2020-07-13,
ec74225d-d0a7-49c3-bf6b-889beb430bef,sound,,2008-10-13,2020-07-13,
ec74225d-d0a7-49c3-bf6b-889beb430bef,adopted,,2008-11-28,2020-07-13,
0f521478-8e31-4bd4-b667-7370f2e7a34d,submitted,,2019-07-02,2020-07-13,
0f521478-8e31-4bd4-b667-7370f2e7a34d,published,,2019-04-10,2020-07-13,
0f521478-8e31-4bd4-b667-7370f2e7a34d,sound,,2020-05-15,2020-07-13,
a9c0dfea-a696-4c82-9931-f6a5b7f8b106,submitted,,2006-03-24,2020-07-13,
a9c0dfea-a696-4c82-9931-f6a5b7f8b106,published,,2006-03-24,2020-07-13,
a9c0dfea-a696-4c82-9931-f6a5b7f8b106,sound,,2007-04-25,2020-07-13,
a9c0dfea-a696-4c82-9931-f6a5b7f8b106,adopted,,2007-06-28,2020-07-13,
df7a6d48-c8b9-4d57-87d8-04c9592b31a3,submitted,,2006-08-31,2020-07-13,
df7a6d48-c8b9-4d57-87d8-04c9592b31a3,published,,2006-08-31,2020-07-13,
df7a6d48-c8b9-4d57-87d8-04c9592b31a3,sound,,2007-08-15,2020-07-13,
df7a6d48-c8b9-4d57-87d8-04c9592b31a3,adopted,,2007-09-25,2020-07-13,
b393fec5-4ddb-4368-8a57-c35ee04956a4,submitted,,2019-01-23,2020-07-13,
b393fec5-4ddb-4368-8a57-c35ee04956a4,published,,2018-10-05,2020-07-13,
b35b2ea5-ea2c-419d-958a-286ff6f3cd41,submitted,,2017-12-21,2020-07-13,
b35b2ea5-ea2c-419d-958a-286ff6f3cd41,published,,2017-09-25,2020-07-13,
b35b2ea5-ea2c-419d-958a-286ff6f3cd41,sound,,2018-12-17,2020-07-13,
b35b2ea5-ea2c-419d-958a-286ff6f3cd41,adopted,,2019-01-30,2020-07-13,
60e20958-1eba-4aca-bed4-dca99d89ca8d,submitted,,2013-06-28,2020-07-13,
60e20958-1eba-4aca-bed4-dca99d89ca8d,published,,2012-12-20,2020-07-13,
60e20958-1eba-4aca-bed4-dca99d89ca8d,sound,,2015-02-05,2020-07-13,
60e20958-1eba-4aca-bed4-dca99d89ca8d,adopted,,2015-03-26,2020-07-13,
f150ab0a-4484-4661-810d-f33c11212694,submitted,,2010-03-26,2020-07-13,
f150ab0a-4484-4661-810d-f33c11212694,published,,2010-01-22,2020-07-13,
f150ab0a-4484-4661-810d-f33c11212694,sound,,2011-02-03,2020-07-13,
f150ab0a-4484-4661-810d-f33c11212694,adopted,,2011-04-06,2020-07-13,
2e3ad928-7219-42c1-aab7-899c1569af05,submitted,,2020-01-16,2020-07-13,
2e3ad928-7219-42c1-aab7-899c1569af05,published,,2018-01-02,2020-07-13,
93a3b417-4093-4b7b-beff-14bd0a000eb5,submitted,,2016-07-22,2020-07-13,
93a3b417-4093-4b7b-beff-14bd0a000eb5,published,,2016-01-06,2020-07-13,
93a3b417-4093-4b7b-beff-14bd0a000eb5,sound,,2017-10-18,2020-07-13,
93a3b417-4093-4b7b-beff-14bd0a000eb5,adopted,,2019-05-22,2020-07-13,
6617edd1-f845-417c-9f11-cb50ba744750,submitted,,2008-01-17,2020-07-13,
6617edd1-f845-417c-9f11-cb50ba744750,published,,2007-12-28,2020-07-13,
6617edd1-f845-417c-9f11-cb50ba744750,sound,,2008-09-15,2020-07-13,
6617edd1-f845-417c-9f11-cb50ba744750,adopted,,2008-10-15,2020-07-13,
716c27fa-4e56-4fbc-8a1d-f86fe99a2b7e,submitted,,2019-01-18,2020-07-13,
716c27fa-4e56-4fbc-8a1d-f86fe99a2b7e,published,,2018-07-30,2020-07-13,
5627dd48-f80d-43ca-9357-49390aee0e02,submitted,,2011-11-14,2020-07-13,
5627dd48-f80d-43ca-9357-49390aee0e02,published,,2011-07-15,2020-07-13,
5627dd48-f80d-43ca-9357-49390aee0e02,sound,,2012-07-03,2020-07-13,
5627dd48-f80d-43ca-9357-49390aee0e02,adopted,,2012-09-11,2020-07-13,
22dd9906-59fd-421b-aee8-c45d2e40868b,submitted,,2015-04-20,2020-07-13,
22dd9906-59fd-421b-aee8-c45d2e40868b,published,,2014-12-19,2020-07-13,
22dd9906-59fd-421b-aee8-c45d2e40868b,sound,,2017-06-20,2020-07-13,
22dd9906-59fd-421b-aee8-c45d2e40868b,adopted,,2017-07-26,2020-07-13,
8c07a862-73a3-4437-bb83-e3ecdd898bec,submitted,,2011-03-31,2020-07-13,
8c07a862-73a3-4437-bb83-e3ecdd898bec,published,,2010-06-01,2020-07-13,
8c07a862-73a3-4437-bb83-e3ecdd898bec,sound,,2013-11-15,2020-07-13,
8c07a862-73a3-4437-bb83-e3ecdd898bec,adopted,,2013-12-11,2020-07-13,
e0e3f95a-d104-4eda-9b86-553812060a8d,submitted,,2012-10-31,2020-07-13,
e0e3f95a-d104-4eda-9b86-553812060a8d,published,,2012-03-23,2020-07-13,
e0e3f95a-d104-4eda-9b86-553812060a8d,sound,,2014-12-08,2020-07-13,
e0e3f95a-d104-4eda-9b86-553812060a8d,adopted,,2014-12-22,2020-07-13,
6288af75-399b-4878-9b85-0891d95ff058,submitted,,2011-03-18,2020-07-13,
6288af75-399b-4878-9b85-0891d95ff058,published,,2010-12-03,2020-07-13,
6288af75-399b-4878-9b85-0891d95ff058,sound,,2012-10-23,2020-07-13,
6288af75-399b-4878-9b85-0891d95ff058,adopted,,2012-12-13,2020-07-13,
d9cd6156-7cb2-445d-9101-9111b8e2102c,submitted,,2019-03-29,2020-07-13,
d9cd6156-7cb2-445d-9101-9111b8e2102c,published,,2019-01-07,2020-07-13,
71333f62-e138-42b7-8132-2b2a99687171,submitted,,2013-01-21,2020-07-13,
71333f62-e138-42b7-8132-2b2a99687171,published,,2012-06-28,2020-07-13,
71333f62-e138-42b7-8132-2b2a99687171,sound,,2015-01-08,2020-07-13,
71333f62-e138-42b7-8132-2b2a99687171,adopted,,2015-03-05,2020-07-13,
530eca56-a7e3-4b70-860d-d928a1e9ad67,submitted,,2010-07-30,2020-07-13,
530eca56-a7e3-4b70-860d-d928a1e9ad67,published,,2010-02-15,2020-07-13,
530eca56-a7e3-4b70-860d-d928a1e9ad67,sound,,2011-02-07,2020-07-13,
530eca56-a7e3-4b70-860d-d928a1e9ad67,adopted,,2011-02-24,2020-07-13,
83699784-e72d-4388-abd9-a17c4c8c54df,submitted,,2017-04-12,2020-07-13,
83699784-e72d-4388-abd9-a17c4c8c54df,published,,2017-01-09,2020-07-13,
83699784-e72d-4388-abd9-a17c4c8c54df,sound,,2018-01-30,2020-07-13,
83699784-e72d-4388-abd9-a17c4c8c54df,adopted,,2018-02-26,2020-07-13,
37c9c2dc-d71f-4940-83fd-3d570bbc351a,submitted,,2014-03-28,2020-07-13,
37c9c2dc-d71f-4940-83fd-3d570bbc351a,published,,2013-07-19,2020-07-13,
37c9c2dc-d71f-4940-83fd-3d570bbc351a,sound,,2018-08-29,2020-07-13,
37c9c2dc-d71f-4940-83fd-3d570bbc351a,adopted,,2018-09-27,2020-07-13,
cd0ce8db-58e3-4705-8a95-5e92dfe5ab39,submitted,,2014-07-31,2020-07-13,
cd0ce8db-58e3-4705-8a95-5e92dfe5ab39,published,,2014-02-24,2020-07-13,
cd0ce8db-58e3-4705-8a95-5e92dfe5ab39,sound,,2015-10-12,2020-07-13,
cd0ce8db-58e3-4705-8a95-5e92dfe5ab39,adopted,,2015-12-10,2020-07-13,
3ee9fb02-ee40-446a-8e35-ee3ffc817f8b,submitted,,2013-06-20,2020-07-13,
3ee9fb02-ee40-446a-8e35-ee3ffc817f8b,published,,2012-11-07,2020-07-13,
3ee9fb02-ee40-446a-8e35-ee3ffc817f8b,sound,,2014-04-09,2020-07-13,
3ee9fb02-ee40-446a-8e35-ee3ffc817f8b,adopted,,2014-05-06,2020-07-13,
9ce4ba00-7857-4f9b-916d-9f8ef953c050,submitted,,2013-07-31,2020-07-13,
9ce4ba00-7857-4f9b-916d-9f8ef953c050,published,,2013-05-24,2020-07-13,
9ce4ba00-7857-4f9b-916d-9f8ef953c050,sound,,2014-10-15,2020-07-13,
9ce4ba00-7857-4f9b-916d-9f8ef953c050,adopted,,2015-01-28,2020-07-13,
e7448134-09bb-43a9-a657-d6cfcd18029a,submitted,,2010-04-30,2020-07-13,
e7448134-09bb-43a9-a657-d6cfcd18029a,published,,2010-02-26,2020-07-13,
e7448134-09bb-43a9-a657-d6cfcd18029a,sound,,2011-12-09,2020-07-13,
e7448134-09bb-43a9-a657-d6cfcd18029a,adopted,,2011-12-21,2020-07-13,
c7762330-14f6-4b3f-bc7a-57b42fadf22e,submitted,,2019-01-18,2020-07-13,
c7762330-14f6-4b3f-bc7a-57b42fadf22e,published,,2018-06-15,2020-07-13,
4a7df200-6ad1-4a01-a7a9-fcd7385faf6f,submitted,,2012-05-21,2020-07-13,
4a7df200-6ad1-4a01-a7a9-fcd7385faf6f,published,,2012-01-25,2020-07-13,
4a7df200-6ad1-4a01-a7a9-fcd7385faf6f,sound,,2013-08-14,2020-07-13,
4a7df200-6ad1-4a01-a7a9-fcd7385faf6f,adopted,,2013-09-05,2020-07-13,
4a379f6b-7970-4522-9762-f85da25ba5ab,submitted,,2016-05-09,2020-07-13,
4a379f6b-7970-4522-9762-f85da25ba5ab,published,,2015-11-06,2020-07-13,
4a379f6b-7970-4522-9762-f85da25ba5ab,sound,,2017-02-09,2020-07-13,
4a379f6b-7970-4522-9762-f85da25ba5ab,adopted,,2017-07-03,2020-07-13,
8e97b761-1082-40cb-a1a5-d66ba4bc41b0,submitted,,2011-05-05,2020-07-13,
8e97b761-1082-40cb-a1a5-d66ba4bc41b0,published,,2011-01-10,2020-07-13,
8e97b761-1082-40cb-a1a5-d66ba4bc41b0,sound,,2013-06-20,2020-07-13,
8e97b761-1082-40cb-a1a5-d66ba4bc41b0,adopted,,2013-10-22,2020-07-13,
290c3718-c7ff-47bc-9bba-f577fde9af9c,submitted,,2018-07-31,2020-07-13,
290c3718-c7ff-47bc-9bba-f577fde9af9c,published,,2018-05-18,2020-07-13,
290c3718-c7ff-47bc-9bba-f577fde9af9c,sound,,2020-05-28,2020-07-13,
6299f130-8216-43d3-8858-89fb9dad5652,submitted,,2007-06-14,2020-07-13,
6299f130-8216-43d3-8858-89fb9dad5652,published,,2007-06-14,2020-07-13,
6299f130-8216-43d3-8858-89fb9dad5652,sound,,2008-12-19,2020-07-13,
6299f130-8216-43d3-8858-89fb9dad5652,adopted,,2009-02-26,2020-07-13,
e3b7c403-fb3e-404f-8a2a-d78fd5091da5,submitted,,2015-02-05,2020-07-13,
e3b7c403-fb3e-404f-8a2a-d78fd5091da5,published,,2014-10-22,2020-07-13,
e3b7c403-fb3e-404f-8a2a-d78fd5091da5,sound,,2016-02-03,2020-07-13,
e3b7c403-fb3e-404f-8a2a-d78fd5091da5,adopted,,2016-02-23,2020-07-13,
228cdd2a-b858-4c87-b6a7-899488ecedb1,submitted,,2018-02-28,2020-07-13,
228cdd2a-b858-4c87-b6a7-899488ecedb1,published,,2017-10-02,2020-07-13,
228cdd2a-b858-4c87-b6a7-899488ecedb1,sound,,2019-09-20,2020-07-13,
228cdd2a-b858-4c87-b6a7-899488ecedb1,adopted,,2020-01-15,2020-07-13,
de0f06ad-3b78-400e-8caa-9296441e5f29,submitted,,2009-11-26,2020-07-13,
de0f06ad-3b78-400e-8caa-9296441e5f29,published,,2009-08-26,2020-07-13,
de0f06ad-3b78-400e-8caa-9296441e5f29,sound,,2010-08-31,2020-07-13,
de0f06ad-3b78-400e-8caa-9296441e5f29,adopted,,2010-10-20,2020-07-13,
347b2893-531b-4f87-bffe-10642ef7cc45,submitted,,2009-03-30,2020-07-13,
347b2893-531b-4f87-bffe-10642ef7cc45,published,,2008-12-18,2020-07-13,
347b2893-531b-4f87-bffe-10642ef7cc45,sound,,2009-10-13,2020-07-13,
347b2893-531b-4f87-bffe-10642ef7cc45,adopted,,2010-01-20,2020-07-13,
d12562aa-dbf0-4c99-b61c-d6f0116d4870,submitted,,2013-12-19,2020-07-13,
d12562aa-dbf0-4c99-b61c-d6f0116d4870,published,,2013-09-06,2020-07-13,
d12562aa-dbf0-4c99-b61c-d6f0116d4870,sound,,2014-12-01,2020-07-13,
d12562aa-dbf0-4c99-b61c-d6f0116d4870,adopted,,2015-03-18,2020-07-13,
4e8dd423-dcbe-44af-96db-3a7eb554c3b9,submitted,,2017-07-14,2020-07-13,
4e8dd423-dcbe-44af-96db-3a7eb554c3b9,published,,2016-09-26,2020-07-13,
4e8dd423-dcbe-44af-96db-3a7eb554c3b9,sound,,2019-03-27,2020-07-13,
4e8dd423-dcbe-44af-96db-3a7eb554c3b9,adopted,,2019-06-04,2020-07-13,
f2bd3b8f-95ef-4b55-979e-f5022e9f02e1,submitted,,2010-07-21,2020-07-13,
f2bd3b8f-95ef-4b55-979e-f5022e9f02e1,published,,2010-03-31,2020-07-13,
f2bd3b8f-95ef-4b55-979e-f5022e9f02e1,sound,,2011-01-31,2020-07-13,
f2bd3b8f-95ef-4b55-979e-f5022e9f02e1,adopted,,2011-02-22,2020-07-13,
de6cbb4d-42b0-4e30-8de6-9c03018ce068,submitted,,2007-09-28,2020-07-13,
de6cbb4d-42b0-4e30-8de6-9c03018ce068,published,,2007-09-28,2020-07-13,
de6cbb4d-42b0-4e30-8de6-9c03018ce068,sound,,2009-02-10,2020-07-13,
de6cbb4d-42b0-4e30-8de6-9c03018ce068,adopted,,2009-03-04,2020-07-13,
eeb2557f-d431-4893-a38b-a9e0a31f2b70,submitted,,2018-02-02,2020-07-13,
eeb2557f-d431-4893-a38b-a9e0a31f2b70,published,,2017-06-09,2020-07-13,
eeb2557f-d431-4893-a38b-a9e0a31f2b70,sound,,2019-01-14,2020-07-13,
eeb2557f-d431-4893-a38b-a9e0a31f2b70,adopted,,2019-02-21,2020-07-13,
4779bcae-d575-4424-951b-4bf2de775680,submitted,,2014-07-31,2020-07-13,
4779bcae-d575-4424-951b-4bf2de775680,published,,2014-01-24,2020-07-13,
4779bcae-d575-4424-951b-4bf2de775680,sound,,2015-12-15,2020-07-13,
4779bcae-d575-4424-951b-4bf2de775680,adopted,,2016-01-27,2020-07-13,
4f7371c0-5815-4ccc-a6ac-9a684de38898,submitted,,2011-05-31,2020-07-13,
4f7371c0-5815-4ccc-a6ac-9a684de38898,published,,2011-01-27,2020-07-13,
4f7371c0-5815-4ccc-a6ac-9a684de38898,sound,,2012-10-01,2020-07-13,
4f7371c0-5815-4ccc-a6ac-9a684de38898,adopted,,2012-10-31,2020-07-13,
dabf2ff2-4aba-4065-b2a3-1601c2743ae3,published,,2019-01-17,2020-07-13,
8224e195-a24e-4e10-a1f0-e40721f2e250,submitted,,2015-08-03,2020-07-13,
8224e195-a24e-4e10-a1f0-e40721f2e250,published,,2015-01-30,2020-07-13,
8224e195-a24e-4e10-a1f0-e40721f2e250,sound,,2017-03-14,2020-07-13,
8224e195-a24e-4e10-a1f0-e40721f2e250,adopted,,2017-04-20,2020-07-13,
9132b9e3-f3b8-4a11-822d-ee288294313e,submitted,,2010-11-29,2020-07-13,
9132b9e3-f3b8-4a11-822d-ee288294313e,published,,2010-08-12,2020-07-13,
9132b9e3-f3b8-4a11-822d-ee288294313e,sound,,2011-05-26,2020-07-13,
9132b9e3-f3b8-4a11-822d-ee288294313e,adopted,,2011-07-11,2020-07-13,
79c434af-fe88-4968-957f-a354a762ef4d,submitted,,2006-08-31,2020-07-13,
79c434af-fe88-4968-957f-a354a762ef4d,published,,2006-08-31,2020-07-13,
79c434af-fe88-4968-957f-a354a762ef4d,sound,,2007-10-04,2020-07-13,
79c434af-fe88-4968-957f-a354a762ef4d,adopted,,2007-12-13,2020-07-13,
949e2438-8d71-4be0-b5dc-67400e8607fc,submitted,,2010-12-03,2020-07-13,
949e2438-8d71-4be0-b5dc-67400e8607fc,published,,2010-09-20,2020-07-13,
949e2438-8d71-4be0-b5dc-67400e8607fc,sound,,2011-11-25,2020-07-13,
949e2438-8d71-4be0-b5dc-67400e8607fc,adopted,,2012-01-25,2020-07-13,
fa1fa437-3953-4667-899a-d3182c55ccfe,submitted,,2014-09-30,2020-07-13,
fa1fa437-3953-4667-899a-d3182c55ccfe,published,,2014-06-05,2020-07-13,
fa1fa437-3953-4667-899a-d3182c55ccfe,sound,,2016-06-20,2020-07-13,
fa1fa437-3953-4667-899a-d3182c55ccfe,adopted,,2016-07-11,2020-07-13,
67b93853-f801-43fd-ab35-7798b6071256,submitted,,2016-06-30,2020-07-13,
67b93853-f801-43fd-ab35-7798b6071256,published,,2016-02-01,2020-07-13,
67b93853-f801-43fd-ab35-7798b6071256,sound,,2017-11-06,2020-07-13,
67b93853-f801-43fd-ab35-7798b6071256,adopted,,2018-01-11,2020-07-13,
f77685f0-3166-4b2e-b668-e3cd71b871d8,submitted,,2011-02-23,2020-07-13,
f77685f0-3166-4b2e-b668-e3cd71b871d8,published,,2010-06-11,2020-07-13,
f77685f0-3166-4b2e-b668-e3cd71b871d8,sound,,2011-09-16,2020-07-13,
f77685f0-3166-4b2e-b668-e3cd71b871d8,adopted,,2011-10-17,2020-07-13,
c9cd8aa4-cfe3-4e7f-b81b-bb6dae5b620b,submitted,,2019-03-29,2020-07-13,
c9cd8aa4-cfe3-4e7f-b81b-bb6dae5b620b,published,,2018-09-04,2020-07-13,
d18d4eb8-3872-47bb-8fa0-e198affdcf1a,submitted,,2010-10-27,2020-07-13,
d18d4eb8-3872-47bb-8fa0-e198affdcf1a,published,,2010-08-04,2020-07-13,
d18d4eb8-3872-47bb-8fa0-e198affdcf1a,sound,,2012-01-04,2020-07-13,
d18d4eb8-3872-47bb-8fa0-e198affdcf1a,adopted,,2012-02-01,2020-07-13,
1fe0c26f-d9ae-46b3-93d8-d47d208af5c3,submitted,,2007-11-12,2020-07-13,
1fe0c26f-d9ae-46b3-93d8-d47d208af5c3,published,,2007-11-12,2020-07-13,
1fe0c26f-d9ae-46b3-93d8-d47d208af5c3,sound,,2008-08-22,2020-07-13,
1fe0c26f-d9ae-46b3-93d8-d47d208af5c3,adopted,,2008-12-16,2020-07-13,
9854a430-cc99-44e3-a7b8-328f7cbd09fb,submitted,,2018-10-31,2020-07-13,
9854a430-cc99-44e3-a7b8-328f7cbd09fb,published,,2018-08-23,2020-07-13,
9854a430-cc99-44e3-a7b8-328f7cbd09fb,sound,,2020-03-22,2020-07-13,
d52f82b7-2ab5-4489-87fe-fa9ef836e5fd,submitted,,2012-09-12,2020-07-13,
d52f82b7-2ab5-4489-87fe-fa9ef836e5fd,published,,2011-12-12,2020-07-13,
d52f82b7-2ab5-4489-87fe-fa9ef836e5fd,sound,,2014-01-02,2020-07-13,
d52f82b7-2ab5-4489-87fe-fa9ef836e5fd,adopted,,2014-03-26,2020-07-13,
e16df853-5eff-4b7a-b1cf-4390ef7ea592,submitted,,2018-06-29,2020-07-13,
e16df853-5eff-4b7a-b1cf-4390ef7ea592,published,,2018-02-27,2020-07-13,
e16df853-5eff-4b7a-b1cf-4390ef7ea592,sound,,2020-06-18,2020-07-13,
5a9b2069-4901-4bbc-9a8f-8a784211ed03,submitted,,2017-06-23,2020-07-13,
5a9b2069-4901-4bbc-9a8f-8a784211ed03,published,,2017-04-10,2020-07-13,
5a9b2069-4901-4bbc-9a8f-8a784211ed03,sound,,2019-01-29,2020-07-13,
5a9b2069-4901-4bbc-9a8f-8a784211ed03,adopted,,2019-03-08,2020-07-13,
24a89ae4-2592-4c6e-bfdc-f844a8f5b9a2,submitted,,2011-09-08,2020-07-13,
24a89ae4-2592-4c6e-bfdc-f844a8f5b9a2,published,,2011-03-14,2020-07-13,
24a89ae4-2592-4c6e-bfdc-f844a8f5b9a2,sound,,2012-10-17,2020-07-13,
24a89ae4-2592-4c6e-bfdc-f844a8f5b9a2,adopted,,2012-12-11,2020-07-13,
d12564e2-e7d4-4c42-ae45-823c50dbd2c9,submitted,,2019-01-14,2020-07-13,
d12564e2-e7d4-4c42-ae45-823c50dbd2c9,published,,2018-06-11,2020-07-13,
d12564e2-e7d4-4c42-ae45-823c50dbd2c9,sound,,2020-01-06,2020-07-13,
d12564e2-e7d4-4c42-ae45-823c50dbd2c9,adopted,,2020-01-30,2020-07-13,
9d615ee9-76df-4968-9dd2-c58eae902804,submitted,,2013-08-20,2020-07-13,
9d615ee9-76df-4968-9dd2-c58eae902804,published,,2013-01-15,2020-07-13,
9d615ee9-76df-4968-9dd2-c58eae902804,sound,,2014-06-11,2020-07-13,
9d615ee9-76df-4968-9dd2-c58eae902804,adopted,,2014-06-19,2020-07-13,
2259cad0-ee6d-44bf-99aa-1aba08dab7f0,submitted,,2010-08-20,2020-07-13,
2259cad0-ee6d-44bf-99aa-1aba08dab7f0,published,,2010-06-07,2020-07-13,
2259cad0-ee6d-44bf-99aa-1aba08dab7f0,sound,,2011-02-02,2020-07-13,
2259cad0-ee6d-44bf-99aa-1aba08dab7f0,adopted,,2011-03-17,2020-07-13,
2d208e84-641b-4bcc-9a6b-40627a3e8f68,submitted,,2013-06-06,2020-07-13,
2d208e84-641b-4bcc-9a6b-40627a3e8f68,published,,2012-06-25,2020-07-13,
2d208e84-641b-4bcc-9a6b-40627a3e8f68,sound,,2014-06-30,2020-07-13,
2d208e84-641b-4bcc-9a6b-40627a3e8f68,adopted,,2014-09-10,2020-07-13,
6a2d40d5-1f4c-4d69-a634-2be64dc0bae9,submitted,,2018-04-27,2020-07-13,
6a2d40d5-1f4c-4d69-a634-2be64dc0bae9,published,,2017-09-26,2020-07-13,
6a2d40d5-1f4c-4d69-a634-2be64dc0bae9,sound,,2019-06-18,2020-07-13,
6a2d40d5-1f4c-4d69-a634-2be64dc0bae9,adopted,,2019-07-02,2020-07-13,
4cb09287-7a8f-4aa6-9076-3c7466ad26ec,submitted,,2015-07-31,2020-07-13,
4cb09287-7a8f-4aa6-9076-3c7466ad26ec,published,,2015-02-10,2020-07-13,
4cb09287-7a8f-4aa6-9076-3c7466ad26ec,sound,,2016-09-14,2020-07-13,
4cb09287-7a8f-4aa6-9076-3c7466ad26ec,adopted,,2016-11-23,2020-07-13,
c39f1ea7-c037-429f-be7e-45d3f3ad928e,submitted,,2011-05-03,2020-07-13,
c39f1ea7-c037-429f-be7e-45d3f3ad928e,published,,2010-12-16,2020-07-13,
c39f1ea7-c037-429f-be7e-45d3f3ad928e,sound,,2014-06-24,2020-07-13,
c39f1ea7-c037-429f-be7e-45d3f3ad928e,adopted,,2014-07-10,2020-07-13,
46cd098f-c373-41d6-9996-664df6ff1ba7,submitted,,2012-07-10,2020-07-13,
46cd098f-c373-41d6-9996-664df6ff1ba7,published,,2012-02-20,2020-07-13,
46cd098f-c373-41d6-9996-664df6ff1ba7,sound,,2014-12-01,2020-07-13,
46cd098f-c373-41d6-9996-664df6ff1ba7,adopted,,2015-01-20,2020-07-13,
d1efd344-82c2-4844-a8e2-386ba0813dfb,submitted,,2012-02-28,2020-07-13,
d1efd344-82c2-4844-a8e2-386ba0813dfb,published,,2011-05-18,2020-07-13,
d1efd344-82c2-4844-a8e2-386ba0813dfb,sound,,2012-11-20,2020-07-13,
d1efd344-82c2-4844-a8e2-386ba0813dfb,adopted,,2013-01-30,2020-07-13,
5bfa79f8-b2e9-464e-b362-0b79272febff,submitted,,2018-06-22,2020-07-13,
5bfa79f8-b2e9-464e-b362-0b79272febff,published,,2018-03-29,2020-07-13,
5bfa79f8-b2e9-464e-b362-0b79272febff,sound,,2019-03-01,2020-07-13,
5bfa79f8-b2e9-464e-b362-0b79272febff,adopted,,2019-03-20,2020-07-13,
8cdb941a-41bd-4f84-8656-01f31b7f58a1,submitted,,2017-12-21,2020-07-13,
8cdb941a-41bd-4f84-8656-01f31b7f58a1,published,,2016-06-15,2020-07-13,
8cdb941a-41bd-4f84-8656-01f31b7f58a1,sound,,2019-01-02,2020-07-13,
8cdb941a-41bd-4f84-8656-01f31b7f58a1,adopted,,2019-02-21,2020-07-13,
e25988ed-d64e-4bcd-914f-38ddb7b0c83e,submitted,,2013-06-24,2020-07-13,
e25988ed-d64e-4bcd-914f-38ddb7b0c83e,published,,2012-06-01,2020-07-13,
e25988ed-d64e-4bcd-914f-38ddb7b0c83e,sound,,2015-08-14,2020-07-13,
e25988ed-d64e-4bcd-914f-38ddb7b0c83e,adopted,,2015-10-15,2020-07-13,
77371a69-8dc4-4cca-86ad-2b9654b5e6a1,submitted,,2012-10-30,2020-07-13,
77371a69-8dc4-4cca-86ad-2b9654b5e6a1,published,,2012-08-09,2020-07-13,
77371a69-8dc4-4cca-86ad-2b9654b5e6a1,sound,,2013-09-26,2020-07-13,
77371a69-8dc4-4cca-86ad-2b9654b5e6a1,adopted,,2013-10-16,2020-07-13,
252e87cd-a0d3-4a20-bcc4-b2e104996fa6,submitted,,2016-10-20,2020-07-13,
252e87cd-a0d3-4a20-bcc4-b2e104996fa6,published,,2016-03-31,2020-07-13,
252e87cd-a0d3-4a20-bcc4-b2e104996fa6,sound,,2017-09-29,2020-07-13,
252e87cd-a0d3-4a20-bcc4-b2e104996fa6,adopted,,2017-12-14,2020-07-13,
6f964803-73ae-4e23-b16b-8f795a2fd1f3,submitted,,2011-11-16,2020-07-13,
6f964803-73ae-4e23-b16b-8f795a2fd1f3,published,,2011-08-31,2020-07-13,
6f964803-73ae-4e23-b16b-8f795a2fd1f3,sound,,2012-08-30,2020-07-13,
6f964803-73ae-4e23-b16b-8f795a2fd1f3,adopted,,2012-10-30,2020-07-13,
b94bbcac-a9b9-48a2-a7c6-66430ecc983e,submitted,,2014-03-12,2020-07-13,
b94bbcac-a9b9-48a2-a7c6-66430ecc983e,published,,2013-09-30,2020-07-13,
b94bbcac-a9b9-48a2-a7c6-66430ecc983e,sound,,2016-12-16,2020-07-13,
b94bbcac-a9b9-48a2-a7c6-66430ecc983e,adopted,,2017-01-30,2020-07-13,
85edc099-3eee-4b89-9184-294530b10434,submitted,,2011-05-31,2020-07-13,
85edc099-3eee-4b89-9184-294530b10434,published,,2011-01-17,2020-07-13,
85edc099-3eee-4b89-9184-294530b10434,sound,,2011-12-01,2020-07-13,
85edc099-3eee-4b89-9184-294530b10434,adopted,,2012-03-01,2020-07-13,
caf26791-7db6-4b77-9afd-0b5b988009ac,submitted,,2013-04-09,2020-07-13,
caf26791-7db6-4b77-9afd-0b5b988009ac,published,,2012-11-13,2020-07-13,
caf26791-7db6-4b77-9afd-0b5b988009ac,sound,,2013-10-25,2020-07-13,
caf26791-7db6-4b77-9afd-0b5b988009ac,adopted,,2013-12-04,2020-07-13,
8f711fa3-3fd0-4fd3-8c24-1e553d858690,submitted,,2018-06-29,2020-07-13,
8f711fa3-3fd0-4fd3-8c24-1e553d858690,published,,2018-01-31,2020-07-13,
8f711fa3-3fd0-4fd3-8c24-1e553d858690,sound,,2020-02-25,2020-07-13,
8f711fa3-3fd0-4fd3-8c24-1e553d858690,adopted,,2020-05-27,2020-07-13,
c4960e3b-ad51-4d94-a886-0125d830ebba,submitted,,2014-12-15,2020-07-13,
c4960e3b-ad51-4d94-a886-0125d830ebba,published,,2014-02-17,2020-07-13,
c4960e3b-ad51-4d94-a886-0125d830ebba,sound,,2016-08-22,2020-07-13,
c4960e3b-ad51-4d94-a886-0125d830ebba,adopted,,2017-07-18,2020-07-13,
3566d0ae-643f-4ae4-85ec-fadfecaff610,submitted,,2013-12-18,2020-07-13,
3566d0ae-643f-4ae4-85ec-fadfecaff610,published,,2013-09-04,2020-07-13,
3566d0ae-643f-4ae4-85ec-fadfecaff610,sound,,2015-11-02,2020-07-13,
3566d0ae-643f-4ae4-85ec-fadfecaff610,adopted,,2015-11-19,2020-07-13,
36b8bb00-2be7-4242-89fa-1fd54ca7bff2,submitted,,2012-09-19,2020-07-13,
36b8bb00-2be7-4242-89fa-1fd54ca7bff2,published,,2012-05-21,2020-07-13,
36b8bb00-2be7-4242-89fa-1fd54ca7bff2,sound,,2014-05-12,2020-07-13,
36b8bb00-2be7-4242-89fa-1fd54ca7bff2,adopted,,2014-07-21,2020-07-13,
700c13cc-11f3-4b83-b7cd-c3b47e655842,published,,2019-04-15,2020-07-13,
90acde0a-70aa-4da3-a861-79f7970ff5dc,submitted,,2015-03-11,2020-07-13,
90acde0a-70aa-4da3-a861-79f7970ff5dc,published,,2014-10-17,2020-07-13,
90acde0a-70aa-4da3-a861-79f7970ff5dc,sound,,2015-12-23,2020-07-13,
90acde0a-70aa-4da3-a861-79f7970ff5dc,adopted,,2016-03-09,2020-07-13,
69d8a719-df50-4f2a-a6ce-3f905b07f1e3,submitted,,2010-07-12,2020-07-13,
69d8a719-df50-4f2a-a6ce-3f905b07f1e3,published,,2010-04-09,2020-07-13,
69d8a719-df50-4f2a-a6ce-3f905b07f1e3,sound,,2012-07-03,2020-07-13,
69d8a719-df50-4f2a-a6ce-3f905b07f1e3,adopted,,2012-07-16,2020-07-13,
12c83f26-092c-46db-95d0-7e79221d7799,submitted,,2018-01-23,2020-07-13,
12c83f26-092c-46db-95d0-7e79221d7799,published,,2017-09-22,2020-07-13,
12c83f26-092c-46db-95d0-7e79221d7799,sound,,2019-02-01,2020-07-13,
12c83f26-092c-46db-95d0-7e79221d7799,adopted,,2019-02-28,2020-07-13,
5e0e69fb-6794-428b-82e1-aa81dadad2c6,submitted,,2016-12-21,2020-07-13,
5e0e69fb-6794-428b-82e1-aa81dadad2c6,published,,2016-08-19,2020-07-13,
5e0e69fb-6794-428b-82e1-aa81dadad2c6,sound,,2018-02-01,2020-07-13,
5e0e69fb-6794-428b-82e1-aa81dadad2c6,adopted,,2018-02-20,2020-07-13,
868e439e-f1c0-41a1-b952-d9db2beb06c2,submitted,,2013-05-28,2020-07-13,
868e439e-f1c0-41a1-b952-d9db2beb06c2,published,,2013-01-11,2020-07-13,
868e439e-f1c0-41a1-b952-d9db2beb06c2,sound,,2016-02-04,2020-07-13,
868e439e-f1c0-41a1-b952-d9db2beb06c2,adopted,,2016-02-25,2020-07-13,
e569ebb4-652e-4da0-ab93-731bab522d90,submitted,,2013-01-25,2020-07-13,
e569ebb4-652e-4da0-ab93-731bab522d90,published,,2012-07-25,2020-07-13,
e569ebb4-652e-4da0-ab93-731bab522d90,sound,,2013-08-02,2020-07-13,
e569ebb4-652e-4da0-ab93-731bab522d90,adopted,,2013-11-13,2020-07-13,
230c6f1d-7a1c-4765-981f-4ef2850d3e5a,submitted,,2019-11-19,2020-07-13,
230c6f1d-7a1c-4765-981f-4ef2850d3e5a,published,,2019-06-19,2020-07-13,
44070104-6c42-4d20-8c1a-a4591317abf0,submitted,,2011-02-28,2020-07-13,
44070104-6c42-4d20-8c1a-a4591317abf0,published,,2010-12-13,2020-07-13,
44070104-6c42-4d20-8c1a-a4591317abf0,sound,,2011-07-20,2020-07-13,
44070104-6c42-4d20-8c1a-a4591317abf0,adopted,,2011-08-04,2020-07-13,
b2a226dd-f994-49c6-8b18-7e564c66d265,submitted,,2018-01-31,2020-07-13,
b2a226dd-f994-49c6-8b18-7e564c66d265,published,,2017-06-30,2020-07-13,
5c914e72-2d3c-4d5a-b85c-038d82b79e64,submitted,,2015-03-18,2020-07-13,
5c914e72-2d3c-4d5a-b85c-038d82b79e64,published,,2014-11-07,2020-07-13,
5c914e72-2d3c-4d5a-b85c-038d82b79e64,sound,,2016-11-30,2020-07-13,
5c914e72-2d3c-4d5a-b85c-038d82b79e64,adopted,,2016-12-14,2020-07-13,
8778ae29-5e6b-4fde-8245-e95b4574203a,submitted,,2018-03-28,2020-07-13,
8778ae29-5e6b-4fde-8245-e95b4574203a,published,,2017-10-16,2020-07-13,
8778ae29-5e6b-4fde-8245-e95b4574203a,sound,,2019-07-10,2020-07-13,
8778ae29-5e6b-4fde-8245-e95b4574203a,adopted,,2019-08-19,2020-07-13,
0e2b5875-0d92-4202-bff0-b717324eeb5d,submitted,,2013-06-27,2020-07-13,
0e2b5875-0d92-4202-bff0-b717324eeb5d,published,,2013-02-25,2020-07-13,
0e2b5875-0d92-4202-bff0-b717324eeb5d,sound,,2016-02-05,2020-07-13,
0e2b5875-0d92-4202-bff0-b717324eeb5d,adopted,,2016-03-24,2020-07-13,
a7e6d646-54de-45b6-9085-adb7808b9f56,submitted,,2011-12-19,2020-07-13,
a7e6d646-54de-45b6-9085-adb7808b9f56,published,,2011-07-25,2020-07-13,
a7e6d646-54de-45b6-9085-adb7808b9f56,sound,,2012-07-26,2020-07-13,
a7e6d646-54de-45b6-9085-adb7808b9f56,adopted,,2012-10-25,2020-07-13,
d405a621-d7b4-443d-a581-7321d257a772,submitted,,2012-10-31,2020-07-13,
d405a621-d7b4-443d-a581-7321d257a772,published,,2012-05-25,2020-07-13,
d405a621-d7b4-443d-a581-7321d257a772,sound,,2013-10-21,2020-07-13,
d405a621-d7b4-443d-a581-7321d257a772,adopted,,2014-02-19,2020-07-13,
17e834e2-dc3d-4c40-9d5d-874fa2df71ca,submitted,,2010-04-08,2020-07-13,
17e834e2-dc3d-4c40-9d5d-874fa2df71ca,published,,2010-01-07,2020-07-13,
17e834e2-dc3d-4c40-9d5d-874fa2df71ca,sound,,2010-10-20,2020-07-13,
17e834e2-dc3d-4c40-9d5d-874fa2df71ca,adopted,,2010-12-09,2020-07-13,
a9608242-297d-4865-aa47-c0f44b51f93b,submitted,,2020-04-30,2020-07-13,
a9608242-297d-4865-aa47-c0f44b51f93b,published,,2018-11-01,2020-07-13,
43ff978e-dedf-42cd-bff2-5b746c62ec70,submitted,,2015-07-14,2020-07-13,
43ff978e-dedf-42cd-bff2-5b746c62ec70,published,,2015-03-27,2020-07-13,
43ff978e-dedf-42cd-bff2-5b746c62ec70,sound,,2018-08-24,2020-07-13,
43ff978e-dedf-42cd-bff2-5b746c62ec70,adopted,,2018-09-27,2020-07-13,
52708857-29ec-4fc7-8c06-0e0654cc5303,submitted,,2015-01-30,2020-07-13,
52708857-29ec-4fc7-8c06-0e0654cc5303,published,,2014-05-16,2020-07-13,
52708857-29ec-4fc7-8c06-0e0654cc5303,sound,,2017-07-28,2020-07-13,
52708857-29ec-4fc7-8c06-0e0654cc5303,adopted,,2017-09-21,2020-07-13,
56ffcf42-1e88-4237-87a5-d6932011ae30,submitted,,2008-01-17,2020-07-13,
56ffcf42-1e88-4237-87a5-d6932011ae30,published,,2008-01-17,2020-07-13,
56ffcf42-1e88-4237-87a5-d6932011ae30,sound,,2009-03-03,2020-07-13,
56ffcf42-1e88-4237-87a5-d6932011ae30,adopted,,2009-04-15,2020-07-13,
9cd9b1e0-e19c-40ff-a367-b55da0a168ef,submitted,,2017-05-15,2020-07-13,
9cd9b1e0-e19c-40ff-a367-b55da0a168ef,published,,2016-08-30,2020-07-13,
1dc02551-0279-4da2-a0e0-14f22fce3893,submitted,,2011-09-02,2020-07-13,
1dc02551-0279-4da2-a0e0-14f22fce3893,published,,2011-02-10,2020-07-13,
1dc02551-0279-4da2-a0e0-14f22fce3893,sound,,2013-08-15,2020-07-13,
1dc02551-0279-4da2-a0e0-14f22fce3893,adopted,,2013-09-11,2020-07-13,
75bd4998-b822-4f62-84bc-7e6170b7f87b,submitted,,2018-12-21,2020-07-13,
75bd4998-b822-4f62-84bc-7e6170b7f87b,published,,2018-06-15,2020-07-13,
75bd4998-b822-4f62-84bc-7e6170b7f87b,sound,,2020-01-07,2020-07-13,
75bd4998-b822-4f62-84bc-7e6170b7f87b,adopted,,2020-01-30,2020-07-13,
ea1e8cf6-0017-412a-bacf-3816a3f8df5d,submitted,,2016-01-28,2020-07-13,
ea1e8cf6-0017-412a-bacf-3816a3f8df5d,published,,2015-07-28,2020-07-13,
ea1e8cf6-0017-412a-bacf-3816a3f8df5d,sound,,2016-12-15,2020-07-13,
ea1e8cf6-0017-412a-bacf-3816a3f8df5d,adopted,,2016-12-20,2020-07-13,
e678fd93-84a0-49f0-af8e-9bd339ea2d21,submitted,,2018-05-25,2020-07-13,
e678fd93-84a0-49f0-af8e-9bd339ea2d21,published,,2018-02-21,2020-07-13,
68988a3d-e798-47b4-84b0-a2ddfaa8eabf,submitted,,2011-08-04,2020-07-13,
68988a3d-e798-47b4-84b0-a2ddfaa8eabf,published,,2011-02-14,2020-07-13,
68988a3d-e798-47b4-84b0-a2ddfaa8eabf,sound,,2012-10-30,2020-07-13,
68988a3d-e798-47b4-84b0-a2ddfaa8eabf,adopted,,2012-11-28,2020-07-13,
7b18c2ee-2db5-481d-b79b-546395189b20,submitted,,2019-01-18,2020-07-13,
7b18c2ee-2db5-481d-b79b-546395189b20,published,,2018-08-13,2020-07-13,
5707f9cd-ba5a-4499-8a24-4e331173dfc7,submitted,,2010-01-08,2020-07-13,
5707f9cd-ba5a-4499-8a24-4e331173dfc7,published,,2009-08-12,2020-07-13,
5707f9cd-ba5a-4499-8a24-4e331173dfc7,sound,,2010-08-24,2020-07-13,
5707f9cd-ba5a-4499-8a24-4e331173dfc7,adopted,,2010-12-14,2020-07-13,
50bcfea0-7f33-47f6-aa0f-e041d9dc868e,submitted,,2017-03-23,2020-07-13,
50bcfea0-7f33-47f6-aa0f-e041d9dc868e,published,,2016-12-09,2020-07-13,
50bcfea0-7f33-47f6-aa0f-e041d9dc868e,sound,,2018-04-13,2020-07-13,
50bcfea0-7f33-47f6-aa0f-e041d9dc868e,adopted,,2018-05-22,2020-07-13,
46f938fa-79f8-461d-b9ed-7a3354d92e40,submitted,,2017-04-18,2020-07-13,
46f938fa-79f8-461d-b9ed-7a3354d92e40,published,,2016-12-06,2020-07-13,
46f938fa-79f8-461d-b9ed-7a3354d92e40,sound,,2018-03-23,2020-07-13,
46f938fa-79f8-461d-b9ed-7a3354d92e40,adopted,,2018-05-24,2020-07-13,
24a33892-8d79-44d6-aa65-f76596059269,submitted,,2012-05-08,2020-07-13,
24a33892-8d79-44d6-aa65-f76596059269,published,,2012-01-25,2020-07-13,
24a33892-8d79-44d6-aa65-f76596059269,sound,,2013-06-06,2020-07-13,
24a33892-8d79-44d6-aa65-f76596059269,adopted,,2013-07-05,2020-07-13,
f7455507-72b1-4513-af01-3ae610717999,submitted,,2019-03-29,2020-07-13,
f7455507-72b1-4513-af01-3ae610717999,published,,2019-01-14,2020-07-13,
2c041667-e350-44c5-83ec-78ea5e6f3b2d,submitted,,2009-02-20,2020-07-13,
2c041667-e350-44c5-83ec-78ea5e6f3b2d,published,,2008-11-14,2020-07-13,
2c041667-e350-44c5-83ec-78ea5e6f3b2d,sound,,2009-07-31,2020-07-13,
2c041667-e350-44c5-83ec-78ea5e6f3b2d,adopted,,2009-10-01,2020-07-13,
0da2ac86-8bf0-4c4b-bc48-2da92f46727f,submitted,,2018-03-27,2020-07-13,
0da2ac86-8bf0-4c4b-bc48-2da92f46727f,published,,2017-11-10,2020-07-13,
9243ef22-ee90-444a-acd4-bcf14b962695,submitted,,2013-02-28,2020-07-13,
9243ef22-ee90-444a-acd4-bcf14b962695,published,,2012-11-08,2020-07-13,
9243ef22-ee90-444a-acd4-bcf14b962695,sound,,2014-09-24,2020-07-13,
9243ef22-ee90-444a-acd4-bcf14b962695,adopted,,2014-10-09,2020-07-13,
721cea23-beb2-4cbf-8e8c-b1e1e7bde6cb,submitted,,2013-04-25,2020-07-13,
721cea23-beb2-4cbf-8e8c-b1e1e7bde6cb,published,,2013-01-07,2020-07-13,
721cea23-beb2-4cbf-8e8c-b1e1e7bde6cb,sound,,2014-09-05,2020-07-13,
721cea23-beb2-4cbf-8e8c-b1e1e7bde6cb,adopted,,2014-11-12,2020-07-13,
d8fff231-e5a6-48b0-b47d-37968cb0573f,submitted,,2018-08-09,2020-07-13,
d8fff231-e5a6-48b0-b47d-37968cb0573f,published,,2018-02-09,2020-07-13,
d8fff231-e5a6-48b0-b47d-37968cb0573f,sound,,2019-08-27,2020-07-13,
d8fff231-e5a6-48b0-b47d-37968cb0573f,adopted,,2019-09-11,2020-07-13,
b0c67350-039c-4410-9d82-b814b1e29668,submitted,,2017-08-11,2020-07-13,
b0c67350-039c-4410-9d82-b814b1e29668,published,,2016-11-14,2020-07-13,
b0c67350-039c-4410-9d82-b814b1e29668,sound,,2018-12-11,2020-07-13,
b0c67350-039c-4410-9d82-b814b1e29668,adopted,,2019-01-16,2020-07-13,
a418a33c-0b10-4493-8adf-12a820a125aa,submitted,,2010-03-15,2020-07-13,
a418a33c-0b10-4493-8adf-12a820a125aa,published,,2009-12-14,2020-07-13,
a418a33c-0b10-4493-8adf-12a820a125aa,sound,,2010-09-20,2020-07-13,
a418a33c-0b10-4493-8adf-12a820a125aa,adopted,,2010-11-10,2020-07-13,
d78c2bb3-f734-4adc-9cf9-3146a5c9f929,submitted,,2013-09-09,2020-07-13,
d78c2bb3-f734-4adc-9cf9-3146a5c9f929,published,,2013-02-19,2020-07-13,
d78c2bb3-f734-4adc-9cf9-3146a5c9f929,sound,,2014-05-13,2020-07-13,
d78c2bb3-f734-4adc-9cf9-3146a5c9f929,adopted,,2014-07-30,2020-07-13,
9ec2c91c-44b5-488c-af0a-0f8d0cdfd9ca,submitted,,2008-08-20,2020-07-13,
9ec2c91c-44b5-488c-af0a-0f8d0cdfd9ca,published,,2008-08-20,2020-07-13,
9ec2c91c-44b5-488c-af0a-0f8d0cdfd9ca,sound,,2009-10-27,2020-07-13,
9ec2c91c-44b5-488c-af0a-0f8d0cdfd9ca,adopted,,2010-01-29,2020-07-13,
17f4d075-1877-489c-8c6c-8a5a8b2068d1,submitted,,2011-07-21,2020-07-13,
17f4d075-1877-489c-8c6c-8a5a8b2068d1,published,,2011-04-04,2020-07-13,
17f4d075-1877-489c-8c6c-8a5a8b2068d1,sound,,2012-01-10,2020-07-13,
17f4d075-1877-489c-8c6c-8a5a8b2068d1,adopted,,2012-01-24,2020-07-13,
4e23eab5-e588-4b27-a3bc-5cb678926b11,submitted,,2014-09-16,2020-07-13,
4e23eab5-e588-4b27-a3bc-5cb678926b11,published,,2014-05-16,2020-07-13,
4e23eab5-e588-4b27-a3bc-5cb678926b11,sound,,2016-03-22,2020-07-13,
4e23eab5-e588-4b27-a3bc-5cb678926b11,adopted,,2016-05-11,2020-07-13,
d9b60cc5-1285-4146-8b0f-1faa9c27ccf4,submitted,,2019-06-28,2020-07-13,
d9b60cc5-1285-4146-8b0f-1faa9c27ccf4,published,,2019-01-25,2020-07-13,
ba74a7a2-6e3e-4ad0-9f8a-9620be69e85d,submitted,,2013-12-23,2020-07-13,
ba74a7a2-6e3e-4ad0-9f8a-9620be69e85d,published,,2013-09-06,2020-07-13,
ba74a7a2-6e3e-4ad0-9f8a-9620be69e85d,sound,,2014-12-15,2020-07-13,
ba74a7a2-6e3e-4ad0-9f8a-9620be69e85d,adopted,,2015-01-29,2020-07-13,
0c095e34-f368-4b52-be05-b69614c8aba4,submitted,,2008-07-04,2020-07-13,
0c095e34-f368-4b52-be05-b69614c8aba4,published,,2008-07-04,2020-07-13,
0c095e34-f368-4b52-be05-b69614c8aba4,sound,,2009-07-29,2020-07-13,
0c095e34-f368-4b52-be05-b69614c8aba4,adopted,,2009-09-23,2020-07-13,
1b887e1a-ad38-4db9-afe1-1edde983f05f,submitted,,2018-03-28,2020-07-13,
1b887e1a-ad38-4db9-afe1-1edde983f05f,published,,2017-12-18,2020-07-13,
1b887e1a-ad38-4db9-afe1-1edde983f05f,sound,,2019-04-29,2020-07-13,
1b887e1a-ad38-4db9-afe1-1edde983f05f,adopted,,2019-05-15,2020-07-13,
402fd3ba-a16d-4e7c-8aa3-1c2dec3654b4,submitted,,2014-08-08,2020-07-13,
402fd3ba-a16d-4e7c-8aa3-1c2dec3654b4,published,,2014-03-10,2020-07-13,
402fd3ba-a16d-4e7c-8aa3-1c2dec3654b4,sound,,2016-05-10,2020-07-13,
402fd3ba-a16d-4e7c-8aa3-1c2dec3654b4,adopted,,2016-06-13,2020-07-13,
18fbd9e5-2d50-47c0-87b2-351edf4242a6,submitted,,2018-03-16,2020-07-13,
18fbd9e5-2d50-47c0-87b2-351edf4242a6,published,,2017-09-22,2020-07-13,
18fbd9e5-2d50-47c0-87b2-351edf4242a6,sound,,2019-04-08,2020-07-13,
18fbd9e5-2d50-47c0-87b2-351edf4242a6,adopted,,2019-04-30,2020-07-13,
51cae130-b31a-4abb-ab25-9ed9a2273ecb,submitted,,2017-10-09,2020-07-13,
51cae130-b31a-4abb-ab25-9ed9a2273ecb,published,,2017-06-16,2020-07-13,
34092d36-5d59-4d60-b93c-92612d5a8b10,submitted,,2012-06-18,2020-07-13,
34092d36-5d59-4d60-b93c-92612d5a8b10,published,,2012-01-25,2020-07-13,
34092d36-5d59-4d60-b93c-92612d5a8b10,sound,,2013-02-11,2020-07-13,
34092d36-5d59-4d60-b93c-92612d5a8b10,adopted,,2013-03-20,2020-07-13,
8b400e77-b8c6-4d30-b6e6-c919233e46be,submitted,,2018-03-15,2020-07-13,
8b400e77-b8c6-4d30-b6e6-c919233e46be,published,,2017-11-09,2020-07-13,
8b400e77-b8c6-4d30-b6e6-c919233e46be,sound,,2020-04-14,2020-07-13,
8b400e77-b8c6-4d30-b6e6-c919233e46be,adopted,,2020-06-23,2020-07-13,
b48f775a-6694-4ea3-8d4c-1a5acf993d5d,submitted,,2013-05-22,2020-07-13,
b48f775a-6694-4ea3-8d4c-1a5acf993d5d,published,,2012-12-18,2020-07-13,
b48f775a-6694-4ea3-8d4c-1a5acf993d5d,sound,,2014-07-22,2020-07-13,
b48f775a-6694-4ea3-8d4c-1a5acf993d5d,adopted,,2014-09-30,2020-07-13,
87c3ba8f-e036-4abb-92e6-f6a2bf70e7e2,submitted,,2010-06-02,2020-07-13,
87c3ba8f-e036-4abb-92e6-f6a2bf70e7e2,published,,2010-02-11,2020-07-13,
87c3ba8f-e036-4abb-92e6-f6a2bf70e7e2,sound,,2011-01-18,2020-07-13,
87c3ba8f-e036-4abb-92e6-f6a2bf70e7e2,adopted,,2011-02-22,2020-07-13,
62bb87e0-2ba8-44bf-83fd-7c9dbab6dcfd,submitted,,2019-04-30,2020-07-13,
62bb87e0-2ba8-44bf-83fd-7c9dbab6dcfd,published,,2018-12-18,2020-07-13,
a8fa4aed-7fdb-4203-94d8-795e137e66aa,submitted,,2009-08-12,2020-07-13,
a8fa4aed-7fdb-4203-94d8-795e137e66aa,published,,2009-04-29,2020-07-13,
a8fa4aed-7fdb-4203-94d8-795e137e66aa,sound,,2010-04-06,2020-07-13,
a8fa4aed-7fdb-4203-94d8-795e137e66aa,adopted,,2010-06-17,2020-07-13,
30da2be2-5875-4fcb-b9f5-bb41273b90be,submitted,,2014-12-19,2020-07-13,
30da2be2-5875-4fcb-b9f5-bb41273b90be,published,,2014-10-10,2020-07-13,
30da2be2-5875-4fcb-b9f5-bb41273b90be,sound,,2015-10-26,2020-07-13,
30da2be2-5875-4fcb-b9f5-bb41273b90be,adopted,,2015-12-17,2020-07-13,
a11d7559-1ec8-436c-b643-8a2b78660d80,submitted,,2012-09-14,2020-07-13,
a11d7559-1ec8-436c-b643-8a2b78660d80,published,,2012-01-23,2020-07-13,
a11d7559-1ec8-436c-b643-8a2b78660d80,sound,,2013-11-14,2020-07-13,
a11d7559-1ec8-436c-b643-8a2b78660d80,adopted,,2013-12-03,2020-07-13,
c28b7f1b-30dd-40b9-bc1c-e59b1b8e1d63,submitted,,2007-09-06,2020-07-13,
c28b7f1b-30dd-40b9-bc1c-e59b1b8e1d63,published,,2007-09-06,2020-07-13,
c28b7f1b-30dd-40b9-bc1c-e59b1b8e1d63,sound,,2009-01-13,2020-07-13,
c28b7f1b-30dd-40b9-bc1c-e59b1b8e1d63,adopted,,2009-02-11,2020-07-13,
fcbf1602-9aa2-44c4-8b9b-589e293d0029,submitted,,2018-08-31,2020-07-13,
fcbf1602-9aa2-44c4-8b9b-589e293d0029,published,,2018-01-26,2020-07-13,
fcbf1602-9aa2-44c4-8b9b-589e293d0029,sound,,2020-01-30,2020-07-13,
fcbf1602-9aa2-44c4-8b9b-589e293d0029,adopted,,2020-03-04,2020-07-13,
ef664de8-93b8-43eb-875a-8b36e0595b3f,submitted,,2017-08-01,2020-07-13,
ef664de8-93b8-43eb-875a-8b36e0595b3f,published,,2017-01-30,2020-07-13,
ef664de8-93b8-43eb-875a-8b36e0595b3f,sound,,2019-01-10,2020-07-13,
ef664de8-93b8-43eb-875a-8b36e0595b3f,adopted,,2019-02-20,2020-07-13,
c131e54c-78e3-476d-85cd-505e4e7247b3,submitted,,2014-08-20,2020-07-13,
c131e54c-78e3-476d-85cd-505e4e7247b3,published,,2014-03-07,2020-07-13,
c131e54c-78e3-476d-85cd-505e4e7247b3,sound,,2015-07-31,2020-07-13,
c131e54c-78e3-476d-85cd-505e4e7247b3,adopted,,2015-09-15,2020-07-13,
046494dc-631a-4785-b469-ac29d1cb00fe,published,,2019-07-26,2020-07-13,
330ea240-d27f-4214-86e2-f7b841604812,submitted,,2010-10-29,2020-07-13,
330ea240-d27f-4214-86e2-f7b841604812,published,,2010-02-19,2020-07-13,
330ea240-d27f-4214-86e2-f7b841604812,sound,,2011-03-28,2020-07-13,
330ea240-d27f-4214-86e2-f7b841604812,adopted,,2011-06-29,2020-07-13,
88d1e45c-4d33-4a8c-bfd1-7845fd686e41,submitted,,2010-07-09,2020-07-13,
88d1e45c-4d33-4a8c-bfd1-7845fd686e41,published,,2010-04-27,2020-07-13,
88d1e45c-4d33-4a8c-bfd1-7845fd686e41,sound,,2011-03-01,2020-07-13,
88d1e45c-4d33-4a8c-bfd1-7845fd686e41,adopted,,2011-04-12,2020-07-13,
e8367ba9-56da-4507-9855-dcc6f2f5e903,submitted,,2014-05-21,2020-07-13,
e8367ba9-56da-4507-9855-dcc6f2f5e903,published,,2013-12-16,2020-07-13,
e8367ba9-56da-4507-9855-dcc6f2f5e903,sound,,2014-11-12,2020-07-13,
e8367ba9-56da-4507-9855-dcc6f2f5e903,adopted,,2015-01-15,2020-07-13,
9b81c32f-c7e1-4ecd-b529-7a5279a3be78,submitted,,2019-09-30,2020-07-13,
9b81c32f-c7e1-4ecd-b529-7a5279a3be78,published,,2019-02-22,2020-07-13,
234a8240-fa63-4106-ab7c-89aa574f9ef7,submitted,,2013-06-17,2020-07-13,
234a8240-fa63-4106-ab7c-89aa574f9ef7,published,,2013-06-17,2020-07-13,
234a8240-fa63-4106-ab7c-89aa574f9ef7,sound,,2015-03-11,2020-07-13,
234a8240-fa63-4106-ab7c-89aa574f9ef7,adopted,,2015-09-18,2020-07-13,
bea9718c-1bd1-4fa4-a9d8-e7d280d41059,submitted,,2016-01-08,2020-07-13,
bea9718c-1bd1-4fa4-a9d8-e7d280d41059,published,,2016-01-08,2020-07-13,
bea9718c-1bd1-4fa4-a9d8-e7d280d41059,sound,,2017-11-08,2020-07-13,
bea9718c-1bd1-4fa4-a9d8-e7d280d41059,adopted,,2017-01-10,2020-07-13,
be9ad1c4-f2a8-4e68-b56e-872caf7be0a3,submitted,,2016-06-30,2020-07-13,
be9ad1c4-f2a8-4e68-b56e-872caf7be0a3,published,,2015-11-02,2020-07-13,
be9ad1c4-f2a8-4e68-b56e-872caf7be0a3,sound,,2017-05-09,2020-07-13,
be9ad1c4-f2a8-4e68-b56e-872caf7be0a3,adopted,,2017-07-20,2020-07-13,
c84ad4a8-b539-4cd6-a762-75e1e8195fd8,published,,2020-01-27,2020-07-13,
dff4277e-032b-42ad-8893-0ec6f3db6948,submitted,,2020-02-17,2020-07-13,
dff4277e-032b-42ad-8893-0ec6f3db6948,published,,2019-02-05,2020-07-13,
df77835d-91df-4acc-a426-841dd31f22fd,submitted,,2008-06-13,2020-07-13,
df77835d-91df-4acc-a426-841dd31f22fd,published,,2007-10-01,2020-07-13,
df77835d-91df-4acc-a426-841dd31f22fd,sound,,2009-02-16,2020-07-13,
df77835d-91df-4acc-a426-841dd31f22fd,adopted,,2009-03-25,2020-07-13,
78180781-4d4a-46c6-a525-b55512385655,submitted,,2019-09-30,2020-07-13,
78180781-4d4a-46c6-a525-b55512385655,published,,2019-05-31,2020-07-13,
78180781-4d4a-46c6-a525-b55512385655,sound,,2020-06-17,2020-07-13,
2609e523-004f-4eb9-b2d5-89aa31422e5a,published,,2019-12-16,2020-07-13,
